1,1,Appingedam
2,2,Bierum
3,3,Borgsweer
4,3,Borgweg
5,4,Delfzijl
6,4,Delfzijl
7,4,Delfzyl
8,5,Farmsum
9,6,Godlinze
10,7,Holwierde
11,7,Holwierda
12,8,Krewerd
13,9,Losdorp
14,10,Meedhuizen
15,11,Spijk
16,11,"Spijk Gn"
17,12,Termunten
18,13,Termunterzijl
19,14,Wagenborgen
20,15,Woldendorp
21,16,Garmerwolde
22,16,Garnerwolde
23,17,Glimmen
24,18,Groningen
25,18,Grins
26,18,Groningen
27,19,Haren
28,19,Haren
29,19,"Haren Gn"
30,20,Lellens
31,21,Meerstad
32,22,Noordlaren
33,23,Onnen
34,24,"Sint Annen"
35,25,"Ten Boer"
36,25,"Ten Boer"
37,26,"Ten Post"
38,27,Thesinge
39,27,Tezinge
40,27,Thezinge
41,28,Winneweer
42,29,Woltersum
43,30,Adorp
44,31,Baflo
45,32,Bedum
46,32,Bedum
47,33,"Den Andel"
48,33,Andel
49,34,Eemshaven
50,35,Eenrum
51,36,Eppenhuizen
52,37,Hornhuizen
53,38,Houwerzijl
54,38,Houwerxijl
55,39,Kantens
56,40,Kloosterburen
57,40,Kleasterbuorren
58,41,Lauwersoog
59,42,Leens
60,42,Liens
61,43,Mensingeweer
62,44,Noordwolde
63,45,Oldenzijl
64,45,Oldenxijl
65,46,Onderdendam
66,47,Oosternieland
67,48,Oudeschip
68,49,Pieterburen
69,50,Rasquert
70,50,Raskwerd
71,51,Roodeschool
72,51,Roodeschooi
73,52,Rottum
74,53,Saaxumhuizen
75,53,Saaksumhuizen
76,54,Sauwerd
77,55,Schouwerzijl
78,56,Stitswerd
79,56,Stitswert
80,57,Tinallinge
81,58,Uithuizen
82,59,Uithuizermeeden
83,59,Uithuizermeden
84,59,Uithuizermeedum
85,60,Ulrum
86,61,Usquert
87,61,Uskwerd
88,61,Uskwert
89,62,Vierhuizen
90,63,Warffum
91,63,Warfum
92,64,Warfhuizen
93,64,Warfhuzen
94,65,"Wehe-den Hoorn"
95,65,"Den Hoorn"
96,65,Hoorn
97,65,Wehe
98,65,Weë
99,66,Westernieland
100,67,Wetsinge
101,67,Wetsinge
102,68,Winsum
103,69,Zandeweer
104,70,Zoutkamp
105,70,Sâltkamp
106,71,Zuidwolde
107,72,Zuurdijk
108,73,"'t Zandt"
109,73,"'t Zandt"
110,74,Eenum
111,74,Enum
112,75,Garrelsweer
113,76,Garsthuizen
114,76,Garshuizen
115,77,Huizinge
116,78,Leermens
117,79,Loppersum
118,79,Loppersum
119,80,Middelstum
120,81,Oosterwijtwerd
121,81,Oosterwijdwerd
122,82,Startenhuizen
123,83,Stedum
124,84,Toornwerd
125,84,Torenwerd
126,85,Westeremden
127,85,Westerenden
128,86,Westerwijtwerd
129,86,Westerwijdwerd
130,87,Wirdum
131,87,"Wirdum Gn"
132,88,Zeerijp
133,89,Zijldijk
134,90,Foxhol
135,90,Fokshol
136,91,Froombosch
137,92,Harkstede
138,93,Hellum
139,94,Hoogezand
140,94,Hegesân
141,95,Kiel-Windeweer
142,95,"Kiel Windeweer"
143,96,Kolham
144,97,Kropswolde
145,98,Lageland
146,99,Luddeweer
147,100,Meeden
148,101,Muntendam
149,102,Noordbroek
150,103,Overschild
151,103,Graauwedijk
152,104,Sappemeer
153,105,Scharmer
154,106,Schildwolde
155,107,Siddeburen
156,108,Slochteren
157,108,Slochteren
158,109,Steendam
159,110,Tjuchem
160,111,Tripscompagnie
161,112,Waterhuizen
162,113,Westerbroek
163,114,Woudbloem
164,115,Zuidbroek
165,115,Zuidbreek
166,115,Zuidbrock
167,115,Zuidbruek
168,116,"'t Waar"
169,116,"'t Waar"
170,116,"Het Waar"
171,116,Waar
172,117,"Bad Nieuweschans"
173,117,"Bad Nieuweschans"
174,117,Langakker
175,117,Nijeskâns
176,118,Beerta
177,119,Blauwestad
178,120,Drieborg
179,120,Drieburg
180,121,Finsterwolde
181,122,Heiligerlee
182,123,Midwolda
183,124,"Nieuw Beerta"
184,125,"Nieuw Scheemda"
185,126,Nieuwolda
186,127,Oudezijl
187,128,Scheemda
188,128,Scheemda
189,129,Westerlee
190,130,Winschoten
191,130,Winschoten
192,130,Wynskoat
193,131,"Nieuwe Pekela"
194,132,"Oude Pekela"
195,133,Alteveer
196,134,Mussel
197,135,Musselkanaal
198,136,Onstwedde
199,137,Stadskanaal
200,137,Afraai
201,137,Stadskanaal
202,138,Vledderveen
203,139,Borgercompagnie
204,140,Veendam
205,141,Wildervank
206,142,Aduard
207,142,Adeward
208,142,Adewardervoorwerk
209,143,Boerakker
210,144,Briltil
211,144,"De Bril"
212,145,"De Wilp"
213,145,Wilp
214,146,"Den Ham"
215,146,Ham
216,147,"Den Horn"
217,147,Horn
218,148,Doezum
219,149,Enumatil
220,150,Ezinge
221,151,Feerwerd
222,152,Garnwerd
223,153,Grijpskerk
224,153,Gryptsjerk
225,154,Grootegast
226,154,Grootegast
227,155,Jonkersvaart
228,156,Kommerzijl
229,157,Kornhorn
230,157,Koornhorn
231,157,Kornhorne
232,158,Lauwerzijl
233,159,Leek
234,159,"De Leek"
235,159,"De Like"
236,159,Leek
237,160,Lettelbert
238,161,Lucaswolde
239,162,Lutjegast
240,163,Marum
241,163,Marum
242,164,Midwolde
243,165,Niebert
244,165,Nieberd
245,166,Niehove
246,167,Niekerk
247,168,Niezijl
248,169,Noordhorn
249,170,Noordwijk
250,171,Nuis
251,172,Oldehove
252,172,Oldenhove
253,173,Oldekerk
254,174,Oostwold
255,174,Oostwolde
256,175,Opende
257,175,"De Grinzer Pein"
258,175,Opende-West
259,176,Pieterzijl
260,177,Saaksum
261,177,Saaxum
262,178,Sebaldeburen
263,179,Tolbert
264,179,Tolberd
265,180,Visvliet
266,181,Zevenhuizen
267,182,Zuidhorn
268,183,Bellingwolde
269,184,Blijham
270,185,Bourtange
271,185,Boertang
272,185,Boertange
273,186,Oudeschans
274,187,Sellingen
275,188,"Ter Apel"
276,189,"Ter Apelkanaal"
277,190,Veelerveen
278,191,Vlagtwedde
279,191,Vlachtwedde
280,191,Vlagtwedde
281,192,Vriescheloo
282,192,Friescheloo
283,193,Wedde
284,194,Augustinusga
285,194,Augustinusga
286,194,Stynsgea
287,195,Boelenslaan
288,195,Boelenslaan
289,195,Boelensloane
290,195,Surhuisterveensterheide
291,196,Buitenpost
292,196,Buitenpost
293,196,Bûtenpost
294,197,Drogeham
295,197,Droegeham
296,197,Drogeham
297,197,Droogeham
298,198,Gerkesklooster
299,198,Gerkeskleaster
300,198,Gerkesklooster
301,199,Harkema
302,199,"De Harkema"
303,199,Harkema
304,199,Harkema-Opeinde
305,200,Kootstertille
306,200,Koatstertille
307,200,Kootstertille
308,201,Stroobos
309,201,Strobos
310,201,Stroobos
311,202,Surhuisterveen
312,202,Surhuisterveen
313,202,Surhústerfean
314,203,Surhuizum
315,203,Surhuizum
316,203,Surhuzum
317,204,Twijzel
318,204,Twijzel
319,204,Twizel
320,205,Twijzelerheide
321,205,Twijzelerheide
322,205,Twizelerheide
323,206,Ballum
324,206,Ballum
325,207,Buren
326,207,Bueren
327,207,Buren
328,208,Hollum
329,208,Hollum
330,209,Broeksterwâld
331,209,Broek
332,209,Broeksterwoude
333,209,Broeksterwâld
334,209,"De Broek"
335,210,Damwâld
336,210,Damwoude
337,210,Damwâld
338,210,Moarrewâld
339,210,Murmerwoude
340,211,"De Falom"
341,211,"De Falom"
342,211,"De Valom"
343,211,Valom
344,212,"De Westereen"
345,212,"De Westereen"
346,212,"De Westerein"
347,213,Driezum
348,213,Driesum
349,213,Driezum
350,214,Feanwâlden
351,214,Feanwâlden
352,214,Veenwouden
353,215,Readtsjerk
354,215,Readtsjerk
355,215,Roodkerk
356,216,Rinsumageast
357,216,Rinsumageast
358,216,Rinsumageest
359,217,Sibrandahûs
360,217,Sibrandahuis
361,217,Sibrandahûs
362,217,Sijbrandahuis
363,217,Sybrandahuis
364,218,Wâlterswâld
365,218,Wouterswoud
366,218,Wouterswoude
367,218,Wâlterswâld
368,219,Akmarijp
369,219,Akmarijp
370,219,Eagmaryp
371,220,Oudemirdum
372,220,Aldemardum
373,221,Bakhuizen
374,222,Balk
375,223,Bantega
376,224,Boornzwaag
377,224,Boarnsweach
378,224,Boornzwaag
379,225,Broek
380,225,Broek
381,225,Broeksterwoude
382,225,Broeksterwâld
383,225,"De Broek"
384,226,Delfstrahuizen
385,227,Dijken
386,227,Dijken
387,227,Diken
388,228,Doniaga
389,228,Doniaga
390,228,Dunegea
391,229,Elahuizen
392,230,Echten
393,231,Echtenerbrug
394,231,Echterbrug
395,232,Eesterga
396,232,Eesterga
397,233,Follega
398,233,Follega
399,234,Goingarijp
400,234,Goaiïngaryp
401,234,Goengarijp
402,234,Goingarijp
403,234,Goëngaryp
404,234,Goïngarijp
405,235,Harich
406,236,Haskerhorne
407,236,Haskerhoarne
408,236,Haskerhorne
409,237,Idskenhuizen
410,237,Idskenhuizen
411,237,Jiskenhuzen
412,237,Taskenhuizen
413,238,Joure
414,238,"De Jouwer"
415,238,Joure
416,239,Kolderwolde
417,240,Langweer
418,240,Langwar
419,240,Langweer
420,241,Legemeer
421,241,Legemar
422,241,Legemeer
423,242,Lemmer
424,242,"De Lemmer"
425,242,Lemmer
426,243,Mirns
427,244,Nijehaske
428,244,Nieuwehaske
429,244,Nijehaske
430,244,Nijhaske
431,245,Nijemirdum
432,245,Nijemardum
433,245,Nijemirdum
434,246,Oldeouwer
435,246,"Alde Ouwer"
436,246,Oldeouwer
437,247,Oosterzee
438,248,Oudehaske
439,248,Aldehaske
440,248,Oldehaske
441,248,Oudehaske
442,249,Ouwster-Nijega
443,249,Nijega
444,249,Ooster-Nijega
445,249,Ousternijega
446,249,Ousternijegea
447,249,Ouwster-Nijega
448,250,Ouwsterhaule
449,250,Oosterhaule
450,250,Ousterhaule
451,250,Ouwsterhaule
452,251,Rijs
453,252,Rohel
454,252,Reahel
455,252,Rohel
456,253,Rotstergaast
457,253,Gaast
458,253,Rotstergaast
459,254,Rotsterhaule
460,254,Rotsterhaule
461,255,Rottum
462,255,Rottum
463,256,Ruigahuizen
464,257,Scharsterbrug
465,257,Scharsterbrug
466,257,Skarsterbrêge
467,258,"Sint Nicolaasga"
468,258,"Sint Nicolaasga"
469,258,"Sint Nikelsgea"
470,258,"Sint Nikolaasga"
471,258,"Sint Nyk"
472,259,Sintjohannesga
473,259,"Sint Johannisga"
474,259,"Sint Jânsgea"
475,259,Sintjohannesga
476,260,Sloten
477,260,Sleat
478,260,Sloten
479,261,Snikzwaag
480,261,Sniksweach
481,261,Snikzwaag
482,262,Sondel
483,263,Terherne
484,263,Terherne
485,263,Terhorne
486,264,Terkaple
487,264,Terkaple
488,265,Teroele
489,265,Teroele
490,266,Tjerkgaast
491,266,Tjerkgaast
492,266,Tsjerkgaast
493,267,Vegelinsoord
494,267,Stobbega
495,267,Stobbegat
496,267,Stobbegea
497,267,Vegelinsoard
498,267,Vegelinsoord
499,268,Wijckel
500,268,Wijkel
501,268,Wikel
502,269,Harlingen
503,269,Harlingen
504,269,Harns
505,270,Midlum
506,271,Wijnaldum
507,271,Wijnaldum
508,271,Winaam
509,271,Winaem
510,271,Winaldum
511,272,Akkrum
512,272,Akkrum
513,272,Ankrum
514,273,Aldeboarn
515,273,Aldeboarn
516,273,Oldeboorn
517,274,Bontebok
518,275,"De Knipe"
519,275,"De Knijpe"
520,275,"De Knipe"
521,275,"De Knype"
522,275,"Nieuw Brongerga"
523,276,Gersloot
524,276,Gershot
525,277,Haskerdijken
526,277,Haskerdijken
527,277,Haskerdiken
528,278,Heerenveen
529,278,Heerenveen
530,278,"It Hearrenfean"
531,279,Hoornsterzwaag
532,279,Hoarnstersweach
533,279,Hoornsterzwaag
534,279,Hornsterzwaag
535,280,Hoarnstersweach
536,280,Hoarnstersweach
537,280,Hoornsterzwaag
538,280,Hornsterzwaag
539,281,Jubbega
540,281,Jubbega
541,281,Schurega
542,282,Katlijk
543,282,Ketlik
544,283,Luinjeberd
545,283,Luniabird
546,283,Luunjeberd
547,283,Luunjebert
548,284,Mildam
549,284,Mildaam
550,285,Nieuwebrug
551,286,Nieuwehorne
552,286,Nieuwehorne
553,286,Nijehorne
554,286,Nijhoarne
555,287,Nieuweschoot
556,287,Nieuweschoot
557,287,Nijeschoot
558,287,Nijskoat
559,288,Oranjewoud
560,288,"It Oranjewâld"
561,289,Oudehorne
562,289,Aldhoarne
563,289,Oldehorne
564,290,Oudeschoot
565,290,Aldskoat
566,291,Terband
567,292,Tjalleberd
568,292,Tjalleberd
569,292,Tjallebert
570,292,Tjallebird
571,293,"Alde Leie"
572,293,"Alde Leie"
573,293,"De Leije"
574,293,Leie
575,293,Leije
576,293,"Oude Leie"
577,293,"Oude Leije"
578,293,"Oude Leye"
579,294,Baard
580,295,Bears
581,295,Bears
582,296,Britsum
583,297,Eagum
584,297,Aegum
585,297,Eagum
586,297,Egum
587,298,Easterlittens
588,298,Easterlittens
589,299,Feinsum
590,299,Feinsum
591,299,Finkum
592,300,Friens
593,300,Friens
594,301,Goutum
595,302,Grou
596,302,Grou
597,302,Grouw
598,303,Hempens
599,304,Hijum
600,305,Hilaard
601,305,Hijlaard
602,306,Húns
603,306,Huins
604,307,Idaerd
605,307,Idaard
606,307,Idaerd
607,308,Jellum
608,309,Jelsum
609,310,Jirnsum
610,310,Irnsum
611,310,Jirnsum
612,311,Jorwert
613,311,Jorwert
614,312,Koarnjum
615,312,Cornjum
616,312,Koarnjum
617,313,Leeuwarden
618,313,Leeuwarden
619,313,Leewarden
620,313,Lieuwarden
621,313,Ljouwert
622,314,Lekkum
623,314,Lekkum
624,315,Leons
625,316,Mantgum
626,317,Miedum
627,317,Miedum
628,318,Reduzum
629,318,Reduzum
630,318,Roardahuzum
631,318,Roordahuizum
632,319,Snakkerburen
633,319,Snakkeburen
634,320,Stiens
635,321,Swichum
636,321,Zwichem
637,321,Zwichum
638,322,Teerns
639,323,Warstiens
640,323,Warstiens
641,324,Warten
642,324,Warten
643,324,Wartena
644,325,Weidum
645,326,Wergea
646,326,Warga
647,326,Wergea
648,327,Wirdum
649,328,Wytgaard
650,328,Witgaard
651,328,Wytgaard
652,329,Aalsum
653,329,Aalsum
654,329,Aalzum
655,329,Ealsum
656,330,Anjum
657,330,Anjum
658,330,Eanjum
659,331,Augsbuurt
660,331,Augsbuur
661,331,Augsbuurt
662,331,Augsbuurt-Lutjewoude
663,331,Augstbuurt
664,331,Lutjewoude
665,331,Lytsewâld
666,332,Blije
667,332,Blija
668,333,Bornwird
669,333,Boarnwert
670,333,Bornwerd
671,333,Bornwird
672,334,Brantgum
673,334,Brantgum
674,335,Burdaard
675,335,Birdaard
676,335,Burdaard
677,336,Burum
678,337,Dokkum
679,337,Dokkum
680,338,Ee
681,338,Ee
682,338,Ie
683,339,Engwierum
684,339,Engwierum
685,339,Ingwierrum
686,340,Ferwert
687,340,Ferwerd
688,341,Foudgum
689,341,Foudgum
690,342,Ginnum
691,342,Genum
692,342,Ginnum
693,343,Hallum
694,344,Hantum
695,344,Hantum
696,345,Hantumeruitburen
697,345,Hantumeruitburen
698,345,Hantumerútbuorren
699,346,Hantumhuizen
700,346,Hantumhuizen
701,346,Hantumhuzen
702,347,Hegebeintum
703,347,Hogebeintum
704,348,Hiaure
705,348,"De Lytse Jouwer"
706,348,Hiaure
707,349,Holwerd
708,349,Holwerd
709,349,Holwert
710,350,Jannum
711,350,Janum
712,351,Jislum
713,351,Jeslum
714,351,Jislum
715,352,Jouswier
716,352,Jouswier
717,352,Jouwswier
718,353,Kollum
719,353,Kollum
720,354,Kollumerpomp
721,354,Kollumerpomp
722,355,Kollumerzwaag
723,355,Kollumerland
724,355,Kollumerlân
725,355,Kollumersweach
726,355,Kollumerzwaag
727,356,Lichtaard
728,357,Lioessens
729,357,Lioesens
730,357,Lioessens
731,357,Ljussens
732,358,Marrum
733,359,Metslawier
734,359,Metslawier
735,359,Mitselwier
736,360,Moddergat
737,360,Moddergat
738,361,Morra
739,361,Moarre
740,361,Morra
741,362,Munnekezijl
742,362,Munnekezijl
743,362,Munnikenzijl
744,363,Nes
745,363,Nes
746,364,Niawier
747,364,Niawier
748,364,Nijewier
749,364,Nyawier
750,365,Oosternijkerk
751,365,Easternijtsjerk
752,365,Nijkerk
753,365,Oosternijkerk
754,366,Oostrum
755,366,Eastrum
756,366,Oostrum
757,367,Oudwoude
758,367,Oudwoude
759,368,Paesens
760,368,Paesens
761,368,Paezens
762,368,Peasens
763,368,Peazens
764,368,Pezens
765,369,Raard
766,369,Raard
767,370,Reitsum
768,371,Ternaard
769,371,Ternaard
770,372,Triemen
771,372,Trimen
772,373,Veenklooster
773,373,Veenkloster
774,374,Waaxens
775,374,Waaksens
776,374,Waaxens
777,375,Wânswert
778,375,Wanswerd
779,375,Wânswert
780,376,Warfstermolen
781,377,Westergeest
782,378,Wetsens
783,378,Wetsens
784,378,Wetzens
785,379,Wierum
786,379,Wierum
787,380,Zwagerbosch
788,381,Appelscha
789,381,Appelscha
790,381,Appelsga
791,381,Appelskea
792,381,"Nieuw Appelsga"
793,382,Donkerbroek
794,382,Donkerbroek
795,383,Elsloo
796,383,Elslo
797,383,Elsloo
798,384,Fochteloo
799,384,"De Fochtel"
800,384,Fochtelo
801,384,Fochteloo
802,385,Haule
803,385,"De Haule"
804,385,Haule
805,386,Haulerwijk
806,386,Haulerwijk
807,386,Haulerwyk
808,387,Langedijke
809,387,Langedijk
810,387,Langedijke
811,387,Langedike
812,388,Makkinga
813,388,Makkinga
814,388,Makkingea
815,389,Nijeberkoop
816,389,Nijeberkeap
817,389,Nijeberkoop
818,390,Oldeberkoop
819,390,Aldeberkeap
820,390,Berkeap
821,390,Oldeberkoop
822,391,Oosterwolde
823,391,Easterwâlde
824,391,Oosterwolde
825,392,Ravenswoud
826,392,Ravenswoud
827,392,Ravenswâld
828,393,Waskemeer
829,393,Waskemar
830,393,Waskemeer
831,394,Bakkeveen
832,394,Bakkefean
833,394,Bakkeveen
834,395,Beetsterzwaag
835,395,Beetstersweach
836,395,Beetsterzwaag
837,396,Drachten-Azeven
838,397,Frieschepalen
839,397,Frieschepalen
840,397,"Fryske Peallen"
841,398,Gorredijk
842,398,"De Gordyk"
843,398,Gordyk
844,398,Gorredijk
845,399,Hemrik
846,399,"De Himrik"
847,399,Hemrik
848,400,Jonkerslân
849,400,Jonkersland
850,400,Jonkerslân
851,401,Langezwaag
852,401,Langezwaag
853,401,Langsweagen
854,402,Lippenhuizen
855,402,Lippenhuizen
856,402,Lippenhuzen
857,403,Luxwoude
858,403,Lukswolde
859,403,Lukswoude
860,403,Luxwolde
861,403,Luxwoude
862,403,Lúkswâld
863,403,Lúkswâlde
864,404,"Nij Beets"
865,404,Beets
866,404,"Nieuw Beets"
867,404,"Nij Beets"
868,405,Olterterp
869,405,Olterterp
870,406,Siegerswoude
871,406,Kleasterbuorren
872,406,Kloosterburen
873,406,Siegerswolde
874,406,Siegerswoude
875,406,Sigerswoude
876,406,Sigerswâld
877,407,Terwispel
878,407,Terwispel
879,408,Tijnje
880,408,"De Tynje"
881,408,Tijnje
882,408,Tynje
883,409,Ureterp
884,409,Oerterp
885,409,Ureterp
886,410,Wijnjewoude
887,410,Duurswoude
888,410,Wijnjeterp
889,410,Wijnjeterp-Duurswoude
890,410,Wijnjewoude
891,410,Wynjeterp
892,410,Wynjewâld
893,411,Schiermonnikoog
894,411,Oosterburen
895,411,Schiermonnikoog
896,411,Skiermûntseach
897,412,Boornbergum
898,412,Boarnburgum
899,412,Boornbergum
900,413,"De Tike"
901,413,"De Tike"
902,413,Tike
903,414,"De Veenhoop"
904,414,"De Feanhoop"
905,414,"De Veenhoop"
906,415,"De Wilgen"
907,415,"De Wilgen"
908,415,"De Wylgen"
909,415,Wilgen
910,416,Drachten
911,416,Drachten
912,417,Drachtstercompagnie
913,417,"De Compagnie"
914,417,"Drachster Compaghnie"
915,417,"Drachtster Kompenije"
916,417,Drachtstercompagnie
917,418,Goëngahuizen
918,418,Goaiïngahuzen
919,418,Goingahuizen
920,419,Houtigehage
921,419,"De Houtigehage"
922,419,Houtigehage
923,420,Kortehemmen
924,420,Koartehimmen
925,420,Kortehemmen
926,421,Nijega
927,421,Nijega
928,421,Ooster-Nijega
929,421,Ousternijega
930,421,Ousternijegea
931,421,Ouwster-Nijega
932,422,Opeinde
933,422,"De Pein"
934,422,Opeinde
935,423,Rottevalle
936,423,Rottefalle
937,423,Rottevalle
938,424,"Smalle Ee"
939,424,"Smalle Ee"
940,424,"Smelle Ie"
941,425,Abbega
942,426,Oudega
943,426,Aldegea
944,426,Oudega
945,427,Allingawier
946,427,Allingaweer
947,428,Arum
948,429,Blauwhuis
949,430,Boazum
950,430,Boazum
951,430,Bozum
952,431,Bolsward
953,431,Boalsert
954,431,Bolsward
955,432,Breezanddijk
956,432,Breezanddijk
957,433,Britswert
958,433,Britswert
959,434,Burgwerd
960,435,Cornwerd
961,435,Koarnwert
962,436,Hommerts
963,436,"De Hommerts"
964,436,Hommerts
965,437,Dearsum
966,437,Dearsum
967,437,Deersum
968,438,Dedgum
969,438,Dedgom
970,439,IJlst
971,439,Drylts
972,439,IJlst
973,440,Easterein
974,440,Easterein
975,440,Oosterend
976,441,Easterwierrum
977,441,Easterwierrum
978,442,Exmorra
979,442,Eksmoarre
980,442,Eksmorra
981,443,Ferwoude
982,444,Folsgare
983,444,Folsgara
984,445,Gaast
985,445,Gaast
986,445,Rotstergaast
987,446,Gaastmeer
988,447,Gauw
989,448,Goënga
990,448,Goinga
991,449,Greonterp
992,450,Hartwerd
993,451,Heeg
994,452,Hichtum
995,453,Hidaard
996,453,Hidaard
997,453,Hydaard
998,454,Hieslum
999,455,Hemelum
1000,455,Hemelum
1001,455,Himmelum
1002,456,Hinnaard
1003,456,Hennaard
1004,456,Hinnaard
1005,457,Hindeloopen
1006,457,Hindeloopen
1007,457,Hylpen
1008,457,"Hylpen / Hynljippen"
1009,458,Idsegahuizum
1010,458,Idsegahuizen
1011,459,Idzega
1012,459,Idsega
1013,460,Iens
1014,460,Iens
1015,461,"It Heidenskip"
1016,461,Heidenschap
1017,462,Itens
1018,463,Jutrijp
1019,463,Jutrijp
1020,464,Kimswerd
1021,465,Kornwerderzand
1022,465,Kornwerderzand
1023,465,"Kornwerderzand Sluizen"
1024,466,Koudum
1025,466,Koudum
1026,467,Koufurderrige
1027,467,Koufurderrige
1028,467,Kûfurderrige
1029,468,Kûbaard
1030,468,Kubaard
1031,468,Kûbaard
1032,469,Loënga
1033,470,Lollum
1034,470,Lollum
1035,470,Ruigelollum
1036,471,Longerhouw
1037,471,Longerhou
1038,472,Lytsewierrum
1039,472,Lytsewierrum
1040,473,Makkum
1041,474,Molkwerum
1042,474,Molkwar
1043,474,Molkwerum
1044,475,Nijhuizum
1045,475,Nijhuixum
1046,475,Nijhuizum
1047,476,Nijland
1048,477,Offingawier
1049,477,Offingawier
1050,478,Oosthem
1051,478,Oosthem
1052,479,Parrega
1053,480,Piaam
1054,481,Pingjum
1055,482,Poppenwier
1056,482,Poppenwier
1057,482,Poppingawier
1058,483,Raerd
1059,483,Raerd
1060,484,Reahûs
1061,484,Reahûs
1062,484,Roodhuis
1063,485,Rien
1064,486,Sandfirden
1065,486,Sandfird
1066,486,Sandfirden
1067,486,Sânfirde
1068,486,Sânfurd
1069,487,Schettens
1070,487,Schettens
1071,488,Schraard
1072,489,Sibrandabuorren
1073,489,Sibrandabuorren
1074,489,Sibrandaburen
1075,489,Sijbrandaburen
1076,489,Sybrandaburen
1077,490,Scharnegoutum
1078,491,Smallebrugge
1079,491,Smallebragge
1080,491,Smallebrugge
1081,492,Sneek
1082,492,Sneek
1083,492,Snits
1084,493,Stavoren
1085,493,Starum
1086,493,Staveren
1087,493,Stavoren
1088,494,Tersoal
1089,494,Tersoal
1090,494,Terzool
1091,495,Tjerkwerd
1092,496,Oppenhuizen
1093,497,Tjalhuizum
1094,498,Tirns
1095,499,Uitwellingerga
1096,499,Uitwellingerga
1097,500,Waaksens
1098,500,Waaksens
1099,500,Waaxens
1100,501,Woudsend
1101,501,Wâldsein
1102,502,Workum
1103,502,Warkum
1104,502,Workum
1105,503,Warns
1106,504,Westhem
1107,505,Witmarsum
1108,505,Witmarsum
1109,505,Wytmarsum
1110,506,Wiuwert
1111,506,Wiewerd
1112,506,Wiuwert
1113,507,Wolsum
1114,508,Wommels
1115,509,Wons
1116,509,Wons
1117,509,Wûns
1118,510,Indijk
1119,510,Indijk
1120,510,Yndyk
1121,511,Ypecolsga
1122,511,IJpecolsga
1123,511,Ypecolsga
1124,511,Ypekolsgea
1125,512,Ysbrechtum
1126,512,IJsbrechtum
1127,512,Ysbrechtum
1128,513,Zurich
1129,513,Surig
1130,514,Baaiduinen
1131,514,Baaidunen
1132,515,Formerum
1133,515,Formearum
1134,516,Hee
1135,516,"De Hee"
1136,517,Hoorn
1137,517,"De Hoorn"
1138,517,"Den Hoorn"
1139,518,Kaard
1140,518,Kaard
1141,519,Kinnum
1142,520,Landerum
1143,521,Lies
1144,522,Midsland
1145,522,Midslân
1146,523,Oosterend
1147,523,Aasterein
1148,523,Oostereind
1149,524,Striep
1150,524,Seerijp
1151,524,Seeryp
1152,524,Striep
1153,524,Stryp
1154,524,Zeerijp
1155,525,West-Terschelling
1156,525,West-Skylge
1157,525,Westerschelling
1158,526,Aldtsjerk
1159,526,Aldtsjerk
1160,526,Oudkerk
1161,527,Burgum
1162,527,Bergum
1163,527,Burgum
1164,528,Earnewâld
1165,528,Earnewâld
1166,528,Eernewoude
1167,529,Eastermar
1168,529,Eastermar
1169,529,Oostermeer
1170,530,Garyp
1171,530,Garijp
1172,530,Garyp
1173,531,Gytsjerk
1174,531,Giekerk
1175,531,Gytsjerk
1176,532,Hurdegaryp
1177,532,Hardegarijp
1178,532,Hurdegaryp
1179,533,Jistrum
1180,533,Eestrum
1181,533,Jistrum
1182,534,Mûnein
1183,534,Moleneind
1184,534,Molenend
1185,534,Mûnein
1186,535,Noardburgum
1187,535,Noardburgum
1188,535,Noordbergum
1189,536,Oentsjerk
1190,536,Oenkerk
1191,536,Oentsjerk
1192,537,Ryptsjerk
1193,537,Rijperkerk
1194,537,Riperkerk
1195,537,Ryptsjerk
1196,538,Sumar
1197,538,Suameer
1198,538,Sumar
1199,539,Suwâld
1200,539,Suawoude
1201,539,Suwâld
1202,540,Tytsjerk
1203,540,Tietjerk
1204,540,Tytsjerk
1205,541,Wyns
1206,541,Wijns
1207,541,Wyns
1208,542,Vlieland
1209,542,"East Flylân"
1210,543,Achlum
1211,543,Achlum
1212,544,Baaium
1213,544,Baaijum
1214,544,Baaium
1215,544,Baium
1216,544,Bajum
1217,545,Berltsum
1218,545,Berlikum
1219,545,Berltsum
1220,546,Bitgum
1221,546,Beetgum
1222,546,Bitgum
1223,547,Bitgummole
1224,547,Beetgumermolden
1225,547,Beetgumermolen
1226,547,Bitgummole
1227,548,Blessum
1228,548,Blessum
1229,549,Boer
1230,549,Boer
1231,550,Boksum
1232,550,Boksum
1233,551,Deinum
1234,551,Deinum
1235,552,Dongjum
1236,552,Doanjum
1237,552,Dongjum
1238,553,Dronryp
1239,553,Dronrijp
1240,553,Dronryp
1241,554,Firdgum
1242,554,Firdgum
1243,554,Furdgum
1244,555,Franeker
1245,555,Franeker
1246,555,Frjentsjer
1247,556,Herbaijum
1248,556,Herbaijum
1249,556,Hjerbeam
1250,557,Hitzum
1251,557,Hitsum
1252,557,Hitzum
1253,558,Ingelum
1254,558,Engelum
1255,558,Ingelum
1256,559,"Klooster Lidlum"
1257,559,Kleaster-Lidlum
1258,559,Klooster-Lidlum
1259,559,Lidlum
1260,560,Marsum
1261,560,Marssum
1262,560,Marsum
1263,561,Menaam
1264,561,Menaam
1265,561,Menaldum
1266,562,Minnertsga
1267,562,Minnertsga
1268,562,Minnertsgea
1269,563,"Nij Altoenae"
1270,563,"Nij Altoenae"
1271,564,Oosterbierum
1272,564,Easterbierrum
1273,564,Oosterbierum
1274,565,Oudebildtzijl
1275,565,"Alde Biltsyl"
1276,565,"Oude Bildtzijl"
1277,565,"Oude Biltzijl"
1278,566,Peins
1279,566,Peins
1280,567,Pietersbierum
1281,567,Pietersbierum
1282,567,Pitersbierrum
1283,568,Ried
1284,568,Rie
1285,568,Ried
1286,569,Schalsum
1287,569,Schaalsum
1288,569,Schalsum
1289,569,Skalsum
1290,570,Sexbierum
1291,570,Seisbierrum
1292,570,Sexbierum
1293,570,Sixbierum
1294,571,Skingen
1295,571,Schingen
1296,571,Skingen
1297,572,Slappeterp
1298,572,Slappeterp
1299,573,Spannum
1300,574,St.-Annaparochie
1301,574,Annaparochie
1302,574,"Sint Annaparochie"
1303,574,"Sint Anne"
1304,574,"St. Annaparochie"
1305,575,St.-Jacobiparochie
1306,575,St.-Jacobiparochie
1307,576,Tzum
1308,576,Tjum
1309,576,Tsjom
1310,576,Tzum
1311,577,Tzummarum
1312,577,Tjummarum
1313,577,Tsjummearum
1314,577,Tzummarum
1315,578,Vrouwenparochie
1316,578,Froubuorren
1317,578,"Lieve Vrouwe Parochie"
1318,578,"Lieve Vrouwenparochie"
1319,578,Vrouwenparochie
1320,579,Westhoek
1321,580,Wier
1322,580,Wier
1323,581,Winsum
1324,581,Winseem
1325,581,Winsum
1326,582,Wjelsryp
1327,582,Welsrijp
1328,583,Zweins
1329,583,Swyns
1330,583,Zweins
1331,584,Blesdijke
1332,584,Blesdijk
1333,585,Boijl
1334,585,Beuil
1335,585,Beul
1336,585,Boijl
1337,585,Boil
1338,585,Boyl
1339,585,Boyle
1340,586,"De Blesse"
1341,586,Blesse
1342,587,"De Hoeve"
1343,588,Langelille
1344,589,Munnekeburen
1345,589,Monnikeburen
1346,589,Monnikenburen
1347,589,Munnekeburen
1348,589,Munnikeburen
1349,590,Nijeholtpade
1350,591,Nijeholtwolde
1351,591,Nijeholtwoude
1352,592,Nijelamer
1353,592,Nijelemmer
1354,593,Nijetrijne
1355,593,Nijetrine
1356,594,Noordwolde
1357,594,Noardwâlde
1358,594,Noordwolde
1359,595,Oldeholtpade
1360,596,Oldeholtwolde
1361,596,Oldeholtwoude
1362,597,Oldelamer
1363,597,Oldelemmer
1364,598,Oldetrijne
1365,598,Oldetrine
1366,599,Oosterstreek
1367,600,Peperga
1368,601,Scherpenzeel
1369,602,Slijkenburg
1370,602,Slijkenburg
1371,603,Sonnega
1372,603,Sonnega
1373,604,Spanga
1374,604,Spanga
1375,605,Steggerda
1376,605,Steggerden
1377,606,"Ter Idzard"
1378,606,"Ter Idzard"
1379,606,"Ter Idzardt"
1380,606,"Ter Idzart"
1381,606,"Ter Idzerd"
1382,607,Vinkega
1383,607,Finkega
1384,608,Wolvega
1385,608,Wolvega
1386,608,Wolvegea
1387,609,Zandhuizen
1388,610,Amen
1389,611,Anderen
1390,612,Anloo
1391,612,Anlo
1392,613,Annen
1393,614,Annerveenschekanaal
1394,614,"Annerveensch Kanaal"
1395,615,Balloërveld
1396,615,Balloërveld
1397,616,Balloo
1398,616,Ballo
1399,617,Deurze
1400,617,Duurse
1401,618,Eext
1402,618,Eekst
1403,619,Eexterveen
1404,619,Eeksterveen
1405,619,"Noord Eexterveen"
1406,620,Eexterveenschekanaal
1407,621,Eexterzandvoort
1408,622,Ekehaar
1409,623,Eldersloo
1410,624,Eleveld
1411,625,Gasselte
1412,626,Gasselternijveen
1413,626,Gasselternijeveen
1414,627,Gasselternijveenschemond
1415,627,Gasselternijeveenschemond
1416,628,Gasteren
1417,629,Geelbroek
1418,630,Gieten
1419,631,Gieterveen
1420,632,Grolloo
1421,632,Grollo
1422,633,Marwijksoord
1423,634,"Nieuw Annerveen"
1424,634,Annerveen
1425,635,Nieuwediep
1426,636,Nijlande
1427,637,Nooitgedacht
1428,638,"Oud Annerveen"
1429,638,Oud-Annerveen
1430,639,Papenvoort
1431,640,Rolde
1432,641,Schipborg
1433,641,Schipbork
1434,642,Schoonloo
1435,642,Schoonloo
1436,643,Spijkerboor
1437,644,Vredenheim
1438,645,Assen
1439,645,Assen
1440,646,Loon
1441,647,Rhee
1442,648,"Ter Aard"
1443,648,Ter-Aart
1444,649,Ubbena
1445,650,Zeijerveen
1446,650,Zeijerveen
1447,651,Zeijerveld
1448,651,Zeijerveld
1449,652,"1e Exloërmond"
1450,652,"1e Exloërmond"
1451,652,"Eerste Ekslooërmond"
1452,652,"Eerste Exsloërmond"
1453,653,"2e Exloërmond"
1454,653,"2e Exloërmond"
1455,653,"Tweede Ekslooërmond"
1456,654,"2e Valthermond"
1457,654,"2e Valthermond"
1458,654,Valterveen
1459,655,Borger
1460,656,Bronneger
1461,657,Bronnegerveen
1462,658,Buinen
1463,659,Buinerveen
1464,660,Drouwen
1465,661,Drouwenermond
1466,662,Drouwenerveen
1467,663,Ees
1468,664,Eesergroen
1469,665,Eeserveen
1470,666,Ellertshaar
1471,667,Exloërveen
1472,667,Ekslooërveen
1473,668,Exloo
1474,668,Eksloo
1475,668,Exlo
1476,669,Klijndijk
1477,670,Nieuw-Buinen
1478,671,Odoorn
1479,672,Odoornerveen
1480,673,Valthe
1481,673,Valte
1482,674,Valthermond
1483,674,"Eerste Valthermond"
1484,674,Eerste-Valtermond
1485,675,Westdorp
1486,676,Zandberg
1487,677,"'t Haantje"
1488,677,"'t Haantje"
1489,678,Aalden
1490,679,Benneveld
1491,680,Coevorden
1492,680,Coevorden
1493,680,Koevorden
1494,681,Dalen
1495,682,Dalerpeel
1496,683,Dalerveen
1497,684,"De Kiel"
1498,685,Diphoorn
1499,686,Erm
1500,687,Gees
1501,688,Geesbrug
1502,689,Holsloot
1503,690,Meppen
1504,691,"Nieuwlande Coevorden"
1505,692,Noord-Sleen
1506,693,Oosterhesselen
1507,694,Schoonoord
1508,695,Sleen
1509,696,Stieltjeskanaal
1510,697,Wachtum
1511,698,Wezup
1512,698,Wesup
1513,699,Wezuperbrug
1514,700,Zweeloo
1515,700,Zweelo
1516,701,Zwinderen
1517,702,"de Wijk"
1518,702,"De Wyk"
1519,702,Wijk
1520,703,Drogteropslagen
1521,703,Drochteropslagen
1522,704,Echten
1523,705,Kerkenveld
1524,706,Koekange
1525,707,Linde
1526,708,Ruinerwold
1527,709,Veeningen
1528,709,Veeninger
1529,709,Veningen
1530,710,Zuidwolde
1531,711,Barger-Compascuum
1532,712,Emmen
1533,712,Emmen
1534,713,Emmer-Compascuum
1535,714,Erica
1536,715,Klazienaveen
1537,716,Klazienaveen-Noord
1538,716,Klazienaveen-Noord
1539,717,Nieuw-Amsterdam
1540,718,Nieuw-Dordrecht
1541,719,Nieuw-Schoonebeek
1542,719,Nieuw-Schoonebekerveld
1543,720,Nieuw-Weerdinge
1544,721,Roswinkel
1545,722,Schoonebeek
1546,722,"Oud Schoonebeek"
1547,723,Veenoord
1548,724,Weiteveen
1549,725,Zandpol
1550,726,Zwartemeer
1551,727,"Alteveer gem Hoogeveen"
1552,728,Elim
1553,729,Fluitenberg
1554,730,Hollandscheveld
1555,730,"Het Hollandsche Veld"
1556,731,Hoogeveen
1557,731,Hoogeveen
1558,732,Nieuwlande
1559,733,Noordscheschut
1560,734,Broekhuizen
1561,735,"De Schiphorst"
1562,736,Meppel
1563,736,Meppel
1564,737,Nijeveen
1565,738,Rogat
1566,739,Balinge
1567,740,Beilen
1568,741,Bovensmilde
1569,742,Bruntinge
1570,742,Bruntinge
1571,743,Drijber
1572,744,Elp
1573,745,Eursinge
1574,746,Garminge
1575,747,Hijken
1576,748,Hooghalen
1577,749,Mantinge
1578,750,Nieuw-Balinge
1579,751,Nieuweroord
1580,752,Oranje
1581,753,Orvelte
1582,754,Smilde
1583,754,Hilde
1584,754,Schilde
1585,755,Stuifzand
1586,756,Tiendeveen
1587,757,Westerbork
1588,758,Wijster
1589,759,Witteveen
1590,760,Zuidveld
1591,761,Zwiggelte
1592,762,Alteveer
1593,763,Een
1594,764,Een-West
1595,765,Foxwolde
1596,765,Fokswolde
1597,765,Wolde
1598,766,"Huis ter Heide"
1599,766,"Huis ter Heide"
1600,767,Langelo
1601,767,Langeloo
1602,768,Leutingewolde
1603,769,Lieveren
1604,770,Matsloot
1605,770,Westpoort
1606,771,Nietap
1607,772,Nieuw-Roden
1608,773,Norg
1609,774,Peest
1610,775,Peize
1611,776,Roden
1612,776,Roan
1613,777,Roderesch
1614,778,Roderwolde
1615,778,Roderol
1616,779,Steenbergen
1617,780,Veenhuizen
1618,780,Feanhuzen
1619,781,Westervelde
1620,782,Zuidvelde
1621,783,Bunne
1622,784,"De Groeve"
1623,784,"De Groeze"
1624,784,Groeve
1625,785,"De Punt"
1626,785,Punt
1627,786,Donderen
1628,787,Eelde
1629,787,Eelde
1630,787,Paterswolde
1631,788,Eelderwolde
1632,788,Eeldenerwolde
1633,789,Midlaren
1634,790,Oudemolen
1635,791,Paterswolde
1636,792,Taarlo
1637,792,Taarloo
1638,793,Tynaarlo
1639,793,Tinaarlo
1640,793,Tinaarloo
1641,793,Tynaarlo
1642,794,Vries
1643,795,Winde
1644,796,Yde
1645,796,Ide
1646,797,Zeegse
1647,798,Zeijen
1648,798,Zeien
1649,798,Zeijen
1650,798,Zeyen
1651,799,Zuidlaarderveen
1652,800,Zuidlaren
1653,800,Súdlaren
1654,800,Zuidlaren
1655,801,Ansen
1656,802,Boschoord
1657,803,Darp
1658,803,Derp
1659,804,Diever
1660,805,Dieverbrug
1661,806,Doldersum
1662,807,Dwingeloo
1663,807,Dwingelo
1664,808,Frederiksoord
1665,809,Geeuwenbrug
1666,810,Havelte
1667,811,Havelterberg
1668,812,Hoogersmilde
1669,813,Nijensleek
1670,814,"Oude Willem"
1671,815,Pesse
1672,816,Ruinen
1673,817,Spier
1674,818,Uffelte
1675,819,Vledder
1676,820,Vledderveen
1677,821,Wapse
1678,822,Wapserveen
1679,823,Wateren
1680,824,Wilhelminaoord
1681,824,"Wilhelmina Soord"
1682,825,Wittelte
1683,826,Zorgvlied
1684,826,Zorgvliet
1685,827,Aadorp
1686,828,Almelo
1687,828,Almelo
1688,828,Almeloo
1689,829,Bornerbroek
1690,829,Bornebroek
1691,830,Borne
1692,830,Borne
1693,831,Hertme
1694,831,Hertmen
1695,832,Zenderen
1696,833,Dalfsen
1697,833,Dalfsen
1698,834,Lemelerveld
1699,835,Nieuwleusen
1700,836,Bathmen
1701,836,Batmen
1702,837,Colmschate
1703,837,Kolmschate
1704,838,Deventer
1705,838,Deventer
1706,838,Dimter
1707,839,Diepenveen
1708,840,Lettele
1709,841,Okkenbroek
1710,842,Schalkhaar
1711,842,Schalkhaap
1712,843,Agelo
1713,843,Agelo
1714,843,Groot-Ageloo
1715,844,Denekamp
1716,845,Lattrop-Breklenkamp
1717,846,Nutter
1718,847,Ootmarsum
1719,848,"Oud Ootmarsum"
1720,849,Rossum
1721,850,Saasveld
1722,851,Tilligte
1723,851,Tilhgte
1724,852,Weerselo
1725,852,Weerseloo
1726,853,Enschede
1727,853,Enschede
1728,853,Enskede
1729,853,Ynskedee
1730,854,Haaksbergen
1731,854,Haaksbergen
1732,855,Ane
1733,856,Anerveen
1734,857,Anevelde
1735,858,Balkbrug
1736,859,Bergentheim
1737,860,Brucht
1738,861,Bruchterveld
1739,862,Collendoorn
1740,862,Kollendoorn
1741,863,"De Krim"
1742,863,"De Kruin"
1743,863,Krim
1744,864,Dedemsvaart
1745,864,Dedemsfeart
1746,865,"Den Velde"
1747,865,Velde
1748,866,Diffelen
1749,867,Gramsbergen
1750,868,Hardenberg
1751,868,Hardenberg
1752,868,Stad-Hardenberg
1753,869,Heemserveen
1754,870,Holtheme
1755,871,Holthone
1756,872,Hoogenweg
1757,872,Hoogenweg
1758,873,Loozen
1759,874,Lutten
1760,874,"Lutten aan de Dedemsvaart"
1761,875,Mariënberg
1762,876,Radewijk
1763,876,Baalde-Radewijk
1764,877,Rheeze
1765,878,Rheezerveen
1766,878,Reezerveen
1767,879,Schuinesloot
1768,880,Slagharen
1769,881,Venebrugge
1770,881,Veenebrugge
1771,882,Daarle
1772,883,Daarlerveen
1773,884,Hellendoorn
1774,884,Hellendoorn
1775,885,Nijverdal
1776,886,Hengelo
1777,886,Hemgelo
1778,886,Hengelo
1779,886,Hengeloo
1780,887,"Ambt Delden"
1781,888,Bentelo
1782,888,Benteloo
1783,889,Delden
1784,890,Diepenheim
1785,891,Goor
1786,892,Hengevelde
1787,892,Hengeveld
1788,893,Markelo
1789,893,Markeloo
1790,894,'s-Heerenbroek
1791,894,'s-Heerenbroek
1792,894,"'s Heerenbroek"
1793,895,Grafhorst
1794,896,IJsselmuiden
1795,896,IJselmuiden
1796,897,Kampen
1797,897,Kampen
1798,898,Kamperveen
1799,898,"De Roskam"
1800,899,Wilsum
1801,900,Zalk
1802,901,Beuningen
1803,902,"de Lutte"
1804,902,Lutte
1805,903,Glane
1806,904,Losser
1807,904,Losser
1808,905,Overdinkel
1809,906,Deurningen
1810,906,Deuringen
1811,906,Deurninge
1812,907,Oldenzaal
1813,907,Oldenzaal
1814,908,Marle
1815,909,Olst
1816,910,Welsum
1817,911,Wesepe
1818,911,Wezepe
1819,912,Wijhe
1820,912,Wije
1821,913,Arriën
1822,913,Ariën
1823,914,Beerze
1824,914,Beerse
1825,915,Beerzerveld
1826,915,Beerserveen
1827,916,Dalmsholte
1828,916,Dalmsholt
1829,917,Giethmen
1830,917,Gietmen
1831,918,Lemele
1832,919,Ommen
1833,919,Ommen
1834,920,Stegeren
1835,921,Vilsteren
1836,922,Vinkenbuurt
1837,923,Witharen
1838,924,Broekland
1839,925,Heeten
1840,925,Heten
1841,926,Heino
1842,926,Heino
1843,927,"Laag Zuthem"
1844,927,Laag-Zutem
1845,927,Zutem
1846,927,Zuthem
1847,928,Lierderholthuis
1848,929,Luttenberg
1849,930,Mariënheem
1850,931,Nieuw-Heeten
1851,931,"Nieuw Heeten"
1852,932,Raalte
1853,932,Raalte
1854,933,Holten
1855,934,Rijssen
1856,934,Rijssen
1857,935,IJhorst
1858,936,Punthorst
1859,937,Rouveen
1860,938,Staphorst
1861,938,Staphorst
1862,939,Baarlo
1863,939,Baarloo
1864,939,"Kuinderdijk en Baarlo"
1865,939,"Kuinderdijk en Baarloo"
1866,940,Baars
1867,941,Basse
1868,942,Belt-Schutsloot
1869,943,Blankenham
1870,944,Blokzijl
1871,945,"De Bult"
1872,946,"De Pol"
1873,946,"De Polle"
1874,946,Pol
1875,947,Eesveen
1876,948,Giethoorn
1877,948,Giethoorn
1878,948,Zuid
1879,948,Zuideinde
1880,949,IJsselham
1881,949,IJselham
1882,950,Kalenberg
1883,951,Kallenkote
1884,952,Kuinre
1885,952,"De Kúnder"
1886,953,Marijenkampen
1887,954,Nederland
1888,955,Oldemarkt
1889,956,Onna
1890,957,Ossenzijl
1891,958,Paasloo
1892,958,Paaslo
1893,959,Scheerwolde
1894,959,Scherwold
1895,959,Scherwolde
1896,960,"Sint Jansklooster"
1897,961,Steenwijk
1898,961,Stienwyk
1899,962,Steenwijkerwold
1900,962,Kerkbuurt
1901,963,Tuk
1902,964,Vollenhove
1903,965,Wanneperveen
1904,965,Wenneperveen
1905,966,Wetering
1906,966,"De Wetering"
1907,967,Willemsoord
1908,968,"Witte Paarden"
1909,969,Zuidveen
1910,970,Albergen
1911,971,Fleringen
1912,972,Geesteren
1913,973,Haarle
1914,974,Harbrinkhoek
1915,974,Harbrinkhoef
1916,975,Hezingen
1917,975,Hesingen
1918,975,Hezinge
1919,976,Langeveen
1920,976,Landeveen
1921,977,Mander
1922,977,Mande
1923,978,Manderveen
1924,979,Mariaparochie
1925,980,Reutum
1926,981,Tubbergen
1927,981,Tubbergen
1928,982,Vasse
1929,983,Bruinehaar
1930,984,"Den Ham"
1931,984,Ham
1932,985,Geerdijk
1933,986,Kloosterhaar
1934,987,Sibculo
1935,987,Sibenlo
1936,988,Vriezenveen
1937,988,Uriezenveen
1938,989,Vroomshoop
1939,990,Westerhaar-Vriezenveensewijk
1940,990,Westerhaar
1941,991,Enter
1942,992,"Hoge Hexel"
1943,992,"'t Hooge Heksel"
1944,992,"Hooge Heksel"
1945,993,Notter
1946,994,Wierden
1947,994,Wierden
1948,995,Zuna
1949,996,Genemuiden
1950,997,Hasselt
1951,998,Mastenbroek
1952,999,Zwartsluis
1953,1000,Zwolle
1954,1000,Swol
1955,1000,Zwolle
1956,1001,Almere
1957,1001,Almere
1958,1002,Biddinghuizen
1959,1003,Dronten
1960,1003,Dronten
1961,1004,Swifterbant
1962,1005,Lelystad
1963,1005,"Haven van Lelystad"
1964,1005,Lelystad
1965,1006,Bant
1966,1007,Creil
1967,1008,Emmeloord
1968,1008,Emmeloard
1969,1009,Ens
1970,1010,Espel
1971,1010,Espele
1972,1011,Kraggenburg
1973,1012,Luttelgeest
1974,1013,Marknesse
1975,1014,Nagele
1976,1015,Rutten
1977,1016,Schokland
1978,1016,Schokland
1979,1017,Tollebeek
1980,1018,Urk
1981,1018,Urk
1982,1019,Zeewolde
1983,1020,Aalten
1984,1020,Aalten
1985,1021,Bredevoort
1986,1022,"De Heurne"
1987,1023,Dinxperlo
1988,1023,Dingsperloo
1989,1024,Apeldoorn
1990,1024,Apeldoarn
1991,1024,Apeldoorn
1992,1025,Beekbergen
1993,1026,"Beemte Broekland"
1994,1027,"Hoog Soeren"
1995,1028,Lieren
1996,1029,Loenen
1997,1030,"Radio Kootwijk"
1998,1031,Uddel
1999,1032,Ugchelen
2000,1032,Uchelen
2001,1032,Ugchelen
2002,1033,"Wenum Wiesel"
2003,1033,Wenum-Wiesel
2004,1034,Arnhem
2005,1034,Arnheim
2006,1034,Arnhem
2007,1034,Arnhim
2008,1035,Achterveld
2009,1035,Achterveld
2010,1036,Barneveld
2011,1037,"De Glind"
2012,1037,"De Glind"
2013,1037,Glind
2014,1037,Glinde
2015,1037,Glinder
2016,1038,Garderen
2017,1039,Kootwijk
2018,1040,Kootwijkerbroek
2019,1041,Stroe
2020,1042,Terschuur
2021,1043,Voorthuizen
2022,1044,Zwartebroek
2023,1045,"Berg en Dal"
2024,1046,Erlecom
2025,1046,Erlekom
2026,1047,Groesbeek
2027,1047,Groesbeek
2028,1048,"Heilig Landstichting"
2029,1048,"Heilige Land"
2030,1048,Heiligland
2031,1049,Kekerdom
2032,1050,Leuth
2033,1050,Leut
2034,1051,"Millingen aan de Rijn"
2035,1051,Millingen
2036,1052,Ooij
2037,1052,Ooi
2038,1052,Ooy
2039,1053,Persingen
2040,1054,Ubbergen
2041,1055,Beltrum
2042,1056,Borculo
2043,1056,Borkulo
2044,1057,Eibergen
2045,1058,Geesteren
2046,1059,Gelselaar
2047,1060,Haarlo
2048,1061,Neede
2049,1061,Nede
2050,1062,Rekken
2051,1063,Rietmolen
2052,1063,Rietmole
2053,1064,Ruurlo
2054,1065,Beuningen
2055,1065,"Beuningen Gld"
2056,1066,Ewijk
2057,1067,Weurt
2058,1067,Weurd
2059,1068,Winssen
2060,1068,Winsen
2061,1069,Baak
2062,1070,Bronkhorst
2063,1071,Drempt
2064,1071,Dremt
2065,1072,Halle
2066,1073,"Hengelo (Gld)"
2067,1073,"Hengelo (Gld)"
2068,1073,Hengeloo
2069,1074,Hoog-Keppel
2070,1075,Hummelo
2071,1075,"Hummelo en Keppel"
2072,1076,Keijenborg
2073,1076,Keienborg
2074,1076,Keienburg
2075,1076,Keyenborg
2076,1077,Laag-Keppel
2077,1078,Olburgen
2078,1078,Olbergen
2079,1079,Rha
2080,1080,Steenderen
2081,1081,Toldijk
2082,1082,Vierakker
2083,1083,Vorden
2084,1084,Wichmond
2085,1085,Zelhem
2086,1086,Brummen
2087,1087,Eerbeek
2088,1087,Erbeke
2089,1088,Empe
2090,1089,Hall
2091,1089,Hal
2092,1090,Leuvenheim
2093,1091,Tonden
2094,1092,Asch
2095,1093,Beusichem
2096,1094,Buren
2097,1095,"Eck en Wiel"
2098,1095,Eck
2099,1095,"Ek en Wiel"
2100,1095,Wiel
2101,1096,Erichem
2102,1097,Ingen
2103,1098,Kapel-Avezaath
2104,1098,Avezaath
2105,1098,"Kapel Avezaath"
2106,1099,Kerk-Avezaath
2107,1099,"Kerk Avezaath"
2108,1100,Lienden
2109,1101,Maurik
2110,1102,Ommeren
2111,1103,Ravenswaaij
2112,1103,Ravenswaai
2113,1103,Ravenswaay
2114,1104,"Rijswijk (GLD)"
2115,1104,"Rijswijk (GLD)"
2116,1105,Zoelen
2117,1106,Zoelmond
2118,1107,Culemborg
2119,1107,Culemborg
2120,1108,Doesburg
2121,1109,Doetinchem
2122,1109,Doetinchem
2123,1110,Gaanderen
2124,1111,Wehl
2125,1112,Afferden
2126,1113,Deest
2127,1114,Druten
2128,1114,Druten
2129,1115,Horssen
2130,1115,Horsen
2131,1116,Puiflijk
2132,1117,Duiven
2133,1117,Duiven
2134,1118,Groessen
2135,1118,Groesen
2136,1119,Bennekom
2137,1120,"De Klomp"
2138,1120,"De Klomp"
2139,1121,Deelen
2140,1122,Ede
2141,1122,Ede
2142,1123,Ederveen
2143,1124,Harskamp
2144,1124,Hartenkamp
2145,1124,Hartskamp
2146,1125,Hoenderloo
2147,1125,Hoenderlo
2148,1126,Lunteren
2149,1127,Otterlo
2150,1127,Otterloo
2151,1128,Wekerom
2152,1129,"'t Harde"
2153,1129,"'t Harde"
2154,1129,Harde
2155,1129,"Het Harde"
2156,1130,Doornspijk
2157,1130,Doornspyk
2158,1131,Elburg
2159,1132,Emst
2160,1133,Epe
2161,1134,Oene
2162,1135,Vaassen
2163,1135,Vasen
2164,1136,Ermelo
2165,1136,Ermelo
2166,1137,Harderwijk
2167,1138,Hierden
2168,1139,Hattem
2169,1139,Hattem
2170,1140,Heerde
2171,1141,Veessen
2172,1141,Vesen
2173,1142,Vorchten
2174,1143,Wapenveld
2175,1143,Wapenvelde
2176,1144,Heumen
2177,1144,Heumen
2178,1145,Malden
2179,1146,Nederasselt
2180,1147,Overasselt
2181,1148,Angeren
2182,1149,Bemmel
2183,1150,Doornenburg
2184,1151,Gendt
2185,1151,Gent
2186,1152,Haalderen
2187,1153,Huissen
2188,1153,Huisen
2189,1154,Loo
2190,1154,"'t Loo Oldebroek"
2191,1154,"Het Loo"
2192,1154,Loo
2193,1155,Ressen
2194,1156,Almen
2195,1157,Barchem
2196,1158,Eefde
2197,1159,Epse
2198,1160,Gorssel
2199,1160,Gorsel
2200,1161,Harfsen
2201,1162,Joppe
2202,1163,"Kring van Dorth"
2203,1164,Laren
2204,1165,Lochem
2205,1166,Alem
2206,1167,Ammerzoden
2207,1168,Hedel
2208,1169,Heerewaarden
2209,1169,Heriwarda
2210,1170,Hoenzadriel
2211,1171,Hurwenen
2212,1172,Kerkdriel
2213,1173,Rossum
2214,1174,Velddriel
2215,1175,Well
2216,1176,'s-Heerenberg
2217,1177,Azewijn
2218,1177,"Groot Azewijn"
2219,1178,Beek
2220,1179,Braamt
2221,1180,Didam
2222,1181,Kilder
2223,1182,Lengel
2224,1183,Loerbeek
2225,1184,Stokkum
2226,1185,Vethuizen
2227,1186,Wijnbergen
2228,1187,Zeddam
2229,1188,Dodewaard
2230,1188,Doodeward
2231,1189,Echteld
2232,1190,IJzendoorn
2233,1191,Kesteren
2234,1192,Ochten
2235,1193,Opheusden
2236,1194,Hoevelaken
2237,1195,Nijkerk
2238,1196,Nijkerkerveen
2239,1197,Lent
2240,1197,Tent
2241,1198,Nijmegen
2242,1198,Nijmegen
2243,1198,Nijmeyen
2244,1198,Nimwegen
2245,1198,Nimègue
2246,1198,Nymegen
2247,1198,Nymwegen
2248,1199,Elspeet
2249,1200,Hulshorst
2250,1201,Nunspeet
2251,1202,Vierhouten
2252,1203,"'t Loo"
2253,1203,"'t Loo Oldebroek"
2254,1203,"Het Loo"
2255,1203,Loo
2256,1204,Hattemerbroek
2257,1205,Noordeinde
2258,1205,Noordeinde
2259,1205,"Noordeinde Gld"
2260,1206,Oldebroek
2261,1206,Olderbroek
2262,1207,Oosterwolde
2263,1207,"Oosterwolde Gld"
2264,1208,Wezep
2265,1209,Groenlo
2266,1209,Grenlo
2267,1209,Groenlo
2268,1210,Harreveld
2269,1211,Lichtenvoorde
2270,1212,Lievelde
2271,1213,Mariënvelde
2272,1214,Vragender
2273,1215,Zieuwent
2274,1216,Breedenbroek
2275,1217,Etten
2276,1218,Gendringen
2277,1219,Heelweg
2278,1220,Megchelen
2279,1220,Mechelen
2280,1221,Netterden
2281,1222,Silvolde
2282,1222,Silven
2283,1222,Silvolde
2284,1223,Sinderen
2285,1224,Terborg
2286,1224,Terborch
2287,1225,Ulft
2288,1226,Varsselder
2289,1226,Varselder
2290,1227,Varsseveld
2291,1227,Varseveld
2292,1228,Westendorp
2293,1229,Andelst
2294,1230,Driel
2295,1231,Elst
2296,1232,Hemmen
2297,1233,Herveld
2298,1234,Heteren
2299,1235,Homoet
2300,1236,Oosterhout
2301,1237,Randwijk
2302,1238,Slijk-Ewijk
2303,1238,"Slijk Ewijki"
2304,1238,Slikewijk
2305,1238,"Sliuk Ewijk"
2306,1239,Valburg
2307,1240,Zetten
2308,1241,Putten
2309,1242,Doorwerth
2310,1243,Heelsum
2311,1244,Heveadorp
2312,1245,Oosterbeek
2313,1246,Renkum
2314,1246,Renkum
2315,1247,Wolfheze
2316,1247,Wolfheeze
2317,1248,"De Steeg"
2318,1248,Steeg
2319,1249,Dieren
2320,1250,Ellecom
2321,1250,Ellekom
2322,1251,Laag-Soeren
2323,1252,Rheden
2324,1253,Spankeren
2325,1254,Velp
2326,1254,Felp
2327,1255,Rozendaal
2328,1255,Roosendaal
2329,1255,Rosendaal
2330,1256,Scherpenzeel
2331,1256,Skerpenseel
2332,1257,"Kapel Avezaath"
2333,1257,Avezaath
2334,1257,"Kapel Avezaath"
2335,1258,"Kerk Avezaath"
2336,1258,"Kerk Avezaath"
2337,1259,Tiel
2338,1259,Tiel
2339,1260,Wadenoijen
2340,1260,Wadenooien
2341,1260,Wadenooijen
2342,1260,Wadenoyen
2343,1261,Klarenbeek
2344,1262,Nijbroek
2345,1263,Steenenkamer
2346,1264,Terwolde
2347,1264,Terwolde
2348,1264,Terwolte
2349,1265,Teuge
2350,1265,"De Teuge"
2351,1266,Twello
2352,1267,Voorst
2353,1268,Wilp
2354,1268,Welp
2355,1269,Wageningen
2356,1269,Wageningen
2357,1270,Acquoy
2358,1270,Ackooi
2359,1270,Ackooy
2360,1270,Acquoij
2361,1270,Akkooi
2362,1271,Asperen
2363,1271,Asperen
2364,1272,Beesd
2365,1272,Beest
2366,1273,Buurmalsen
2367,1274,Deil
2368,1275,Enspijk
2369,1275,Enspik
2370,1276,Est
2371,1277,Geldermalsen
2372,1277,Geldermalsen
2373,1278,Gellicum
2374,1278,Gellekom
2375,1278,Gellekum
2376,1278,Gellikum
2377,1279,Haaften
2378,1280,Heesselt
2379,1280,Heeselt
2380,1281,Hellouw
2381,1282,Herwijnen
2382,1283,Heukelum
2383,1283,Heukelom
2384,1284,Meteren
2385,1285,Neerijnen
2386,1286,Ophemert
2387,1287,Opijnen
2388,1287,Opitnen
2389,1288,Rhenoy
2390,1288,Renooi
2391,1288,Rhenoij
2392,1288,Rhenooi
2393,1289,Rumpt
2394,1289,Remt
2395,1289,Rumt
2396,1290,Tricht
2397,1291,Tuil
2398,1292,Varik
2399,1293,Vuren
2400,1294,Waardenburg
2401,1295,Zennewijnen
2402,1296,Alphen
2403,1296,Alfen
2404,1296,"Alphen aan de Maas"
2405,1297,Altforst
2406,1298,Appeltern
2407,1299,Beneden-Leeuwen
2408,1299,Leeuwenbeneden
2409,1300,Boven-Leeuwen
2410,1300,Leeuwen
2411,1301,Dreumel
2412,1302,Maasbommel
2413,1303,Wamel
2414,1304,Westervoort
2415,1305,Balgoij
2416,1305,Balgoij
2417,1305,Balgoy
2418,1306,Batenburg
2419,1307,Bergharen
2420,1308,Hernen
2421,1309,Leur
2422,1310,Niftrik
2423,1311,Wijchen
2424,1311,Wijchen
2425,1312,Winterswijk
2426,1313,"Winterswijk Brinkheurne"
2427,1313,"Winterswijk Brinkheurne"
2428,1314,"Winterswijk Corle"
2429,1314,"Winterswijk Corle"
2430,1315,"Winterswijk Henxel"
2431,1315,Hengsel
2432,1315,Henzel
2433,1316,"Winterswijk Huppel"
2434,1316,"Winterswijk Huppel"
2435,1317,"Winterswijk Kotten"
2436,1318,"Winterswijk Meddo"
2437,1318,Meddeho
2438,1318,Meddeo
2439,1318,Meddoo
2440,1318,"Winterswijk Meddo"
2441,1319,"Winterswijk Miste"
2442,1319,"Winterswijk Miste"
2443,1320,"Winterswijk Ratum"
2444,1320,Batum
2445,1320,"Winterswijk Ratum"
2446,1321,"Winterswijk Woold"
2447,1321,"Het Woold"
2448,1321,"Winterswijk Woold"
2449,1322,Aalst
2450,1323,Bern
2451,1324,Brakel
2452,1325,Bruchem
2453,1326,Delwijnen
2454,1326,"Beneden Delwijnen"
2455,1327,Gameren
2456,1328,Kerkwijk
2457,1329,Nederhemert
2458,1330,Nieuwaal
2459,1331,Poederoijen
2460,1331,Poederoien
2461,1331,Poederooien
2462,1331,Poederoyen
2463,1332,Zaltbommel
2464,1333,Zuilichem
2465,1333,Zuelichem
2466,1334,Aerdt
2467,1334,Aard
2468,1334,Aardt
2469,1335,Angerlo
2470,1336,Babberich
2471,1337,Giesbeek
2472,1338,Herwen
2473,1339,Lathum
2474,1339,Latum
2475,1340,Lobith
2476,1340,Lebith
2477,1340,Lobit
2478,1341,Pannerden
2479,1341,Rannereen
2480,1342,Spijk
2481,1343,Tolkamer
2482,1343,Tokalmar
2483,1343,Tolkmar
2484,1344,Zevenaar
2485,1345,Warnsveld
2486,1346,Zutphen
2487,1346,Zutfen
2488,1346,Zutphen
2489,1347,Amersfoort
2490,1347,Amersfoort
2491,1348,Hoogland
2492,1349,Hooglanderveen
2493,1350,"Stoutenburg Noord"
2494,1351,Baarn
2495,1351,Baarn
2496,1352,"Lage Vuursche"
2497,1352,"De Lage Vuursche"
2498,1352,"De Vuursche"
2499,1353,Bunnik
2500,1354,Odijk
2501,1355,Werkhoven
2502,1356,Bunschoten-Spakenburg
2503,1356,Bunschoten-Spakenburg
2504,1356,Spakenburch
2505,1356,Spakenburg
2506,1357,Eemdijk
2507,1358,Bilthoven
2508,1359,"De Bilt"
2509,1359,"De Bilt"
2510,1360,Groenekan
2511,1361,"Hollandsche Rading"
2512,1362,Maartensdijk
2513,1362,Maartensdyk
2514,1363,Westbroek
2515,1364,Abcoude
2516,1364,Abcoude
2517,1364,Abkoude
2518,1365,Amstelhoek
2519,1366,Baambrugge
2520,1367,"de Hoef"
2521,1367,"Den Hoef"
2522,1367,Hoef
2523,1368,Mijdrecht
2524,1368,Müdrecht
2525,1369,Vinkeveen
2526,1370,Waverveen
2527,1371,Wilnis
2528,1372,Eemnes
2529,1372,Iemnes
2530,1373,"'t Goy"
2531,1373,"'t Gooi"
2532,1373,"'t Goy"
2533,1373,Gooi
2534,1373,"Gooi en vechtstreek"
2535,1374,Houten
2536,1375,Schalkwijk
2537,1376,"Tull en 't Waal"
2538,1376,"Tull en 't Waal"
2539,1376,Waal
2540,1377,IJsselstein
2541,1377,IJselstein
2542,1378,Achterveld
2543,1379,Leusden
2544,1379,Leusbroek
2545,1379,Leusden
2546,1379,"Nieuw Leusden"
2547,1380,Stoutenburg
2548,1381,Benschop
2549,1382,Jaarsveld
2550,1383,Lopik
2551,1384,Lopikerkapel
2552,1385,Polsbroek
2553,1386,Linschoten
2554,1387,Montfoort
2555,1388,Nieuwegein
2556,1388,Nieuwegein
2557,1388,Nieuwegen
2558,1389,Hekendorp
2559,1390,Oudewater
2560,1391,Papekop
2561,1392,Snelrewaard
2562,1393,Renswoude
2563,1394,Elst
2564,1394,"Elst Ut"
2565,1395,Rhenen
2566,1395,Renen
2567,1395,Rhenen
2568,1396,Soest
2569,1397,Soesterberg
2570,1398,Breukelen
2571,1399,Kockengen
2572,1399,Kockengen
2573,1400,"Loenen aan de Vecht"
2574,1400,Loenen
2575,1401,Loenersloot
2576,1402,Maarssen
2577,1402,Maarsen
2578,1403,"Nieuwer Ter Aa"
2579,1403,Nieuwertera
2580,1403,"Ter Aa"
2581,1404,Nieuwersluis
2582,1405,Nigtevecht
2583,1405,Nichtevecht
2584,1406,"Oud Zuilen"
2585,1406,"Oud Zuilen"
2586,1406,Zuilen
2587,1407,Tienhoven
2588,1408,"Tienhoven (Everdingen)"
2589,1409,Vreeland
2590,1410,"De Meern"
2591,1410,Meern
2592,1411,Haarzuilens
2593,1411,Haarxuilens
2594,1411,Haarzuilen
2595,1412,Utrecht
2596,1412,Utert
2597,1412,Utrecht
2598,1413,Vleuten
2599,1414,Amerongen
2600,1415,Doorn
2601,1415,Doorn
2602,1416,Driebergen-Rijsenburg
2603,1417,Leersum
2604,1418,Maarn
2605,1419,Maarsbergen
2606,1420,Overberg
2607,1421,Veenendaal
2608,1421,Veenendaal
2609,1421,Venendaal
2610,1422,Ameide
2611,1423,Everdingen
2612,1424,Hagestein
2613,1425,"Hei- en Boeicop"
2614,1426,"Hoef en Haag"
2615,1427,Kedichem
2616,1428,Leerbroek
2617,1429,Leerdam
2618,1429,Leerdam
2619,1430,Lexmond
2620,1430,Leksmond
2621,1431,Meerkerk
2622,1432,Nieuwland
2623,1433,Oosterwijk
2624,1434,Ossenwaard
2625,1435,Schoonrewoerd
2626,1435,Schoonerwoerd
2627,1436,"Tienhoven aan de Lek"
2628,1437,Vianen
2629,1438,Zijderveld
2630,1439,Cothen
2631,1439,Koten
2632,1440,Langbroek
2633,1440,Langbroek
2634,1440,Neerlangbroek
2635,1441,"Wijk bij Duurstede"
2636,1441,"Wyk by Duerstede"
2637,1442,Harmelen
2638,1443,Kamerik
2639,1444,Woerden
2640,1444,Woerden
2641,1445,Zegveld
2642,1446,Woudenberg
2643,1447,Austerlitz
2644,1448,"Bosch en Duin"
2645,1449,"Den Dolder"
2646,1449,Dolder
2647,1450,"Huis ter Heide"
2648,1451,Zeist
2649,1451,Seist
2650,1451,Zeist
2651,1452,Aalsmeer
2652,1452,Aalsmeer
2653,1453,Kudelstaart
2654,1454,Alkmaar
2655,1454,Alkmaar
2656,1454,Alkmar
2657,1455,"De Rijp"
2658,1455,Rijp
2659,1456,Driehuizen
2660,1457,Graft
2661,1458,Grootschermer
2662,1459,Markenbinnen
2663,1459,Marken
2664,1460,Noordeinde
2665,1461,Oost-Graftdijk
2666,1461,Graftdijk
2667,1462,Oterleek
2668,1463,Oudorp
2669,1464,Schermerhorn
2670,1465,Starnmeer
2671,1466,Stompetoren
2672,1467,"Ursem gem. S"
2673,1468,West-Graftdijk
2674,1468,"West Grastdijk"
2675,1469,Zuidschermer
2676,1470,Amstelveen
2677,1470,Amstelveen
2678,1470,"Nieuwer Amstel"
2679,1471,Amsterdam
2680,1471,Amsterdam
2681,1472,Middenbeemster
2682,1473,Noordbeemster
2683,1474,Westbeemster
2684,1475,Zuidoostbeemster
2685,1476,"Bergen (NH)"
2686,1476,"Bergen (NH)"
2687,1476,Bergen-Binnen
2688,1477,"Bergen aan Zee"
2689,1478,"Egmond aan den Hoef"
2690,1478,"Egmond a/d Hoef"
2691,1478,"Egmond aan de Hoef"
2692,1478,"Egmond op den Hoef"
2693,1479,"Egmond aan Zee"
2694,1480,Egmond-Binnen
2695,1481,Groet
2696,1482,Schoorl
2697,1483,Beverwijk
2698,1483,Berverwyk
2699,1483,Beverwijk
2700,1483,Beverwyk
2701,1484,"Wijk aan Zee"
2702,1485,Blaricum
2703,1485,Blaricum
2704,1485,Blarikum
2705,1486,Aerdenhout
2706,1486,Aardenhout
2707,1487,Bennebroek
2708,1487,Bennebroek
2709,1488,Bloemendaal
2710,1488,Bloemendaal
2711,1489,Overveen
2712,1490,Vogelenzang
2713,1491,Akersloot
2714,1492,Castricum
2715,1492,Castricum
2716,1492,Kastrikum
2717,1493,"de Woude"
2718,1494,Limmen
2719,1495,"Den Helder"
2720,1495,"De Helder"
2721,1495,"Den Helder"
2722,1495,"Der Helder"
2723,1495,Helder
2724,1496,Huisduinen
2725,1497,Julianadorp
2726,1498,Diemen
2727,1498,Diemen
2728,1498,Diemerbrug
2729,1499,Hem
2730,1500,Hoogkarspel
2731,1501,Oosterblokker
2732,1502,Oosterleek
2733,1503,Schellinkhout
2734,1504,Venhuizen
2735,1505,Westwoud
2736,1506,Wijdenes
2737,1507,Beets
2738,1508,Edam
2739,1509,Hobrede
2740,1509,Hobreede
2741,1510,Kwadijk
2742,1511,Middelie
2743,1512,Oosthuizen
2744,1513,Schardam
2745,1514,Volendam
2746,1515,Warder
2747,1515,Warden
2748,1516,Enkhuizen
2749,1516,Enkhuizen
2750,1516,Inkhuzen
2751,1517,Bussum
2752,1517,Bussum
2753,1518,Muiden
2754,1519,Muiderberg
2755,1520,Naarden
2756,1520,Naarden
2757,1521,Haarlem
2758,1521,Haarlem
2759,1521,Haarlim
2760,1522,"Spaarndam gem. Haarlem"
2761,1523,Aalsmeerderbrug
2762,1524,Abbenes
2763,1525,Badhoevedorp
2764,1526,Beinsdorp
2765,1527,Boesingheliede
2766,1528,Buitenkaag
2767,1529,Burgerveen
2768,1530,Cruquius
2769,1531,Haarlemmerliede
2770,1532,Halfweg
2771,1533,Hoofddorp
2772,1533,Hoofddorp
2773,1534,Leimuiderbrug
2774,1535,Lijnden
2775,1536,Lisserbroek
2776,1537,Nieuw-Vennep
2777,1538,"Oude Meer"
2778,1539,Rijsenhout
2779,1540,Rozenburg
2780,1541,Schiphol
2781,1541,Schiphol
2782,1541,Schiphol-Rijk
2783,1542,Schiphol-Rijk
2784,1543,Spaarndam
2785,1544,Vijfhuizen
2786,1545,Weteringbrug
2787,1546,Zwaanshoek
2788,1547,Zwanenburg
2789,1548,Heemskerk
2790,1548,Heemskerk
2791,1549,Heemstede
2792,1549,Heemstede
2793,1549,Hiemstee
2794,1550,Heerhugowaard
2795,1550,Heerhugowaard
2796,1551,Heiloo
2797,1551,Heilo
2798,1551,Heiloo
2799,1552,Hilversum
2800,1552,Hilfertsom
2801,1552,Hilversum
2802,1552,Hilvertsheim
2803,1553,"'t Veld"
2804,1553,"'t Veld"
2805,1553,Veld
2806,1554,"Anna Paulowna"
2807,1554,"Anna Paulowna"
2808,1554,"Anna Paulowne"
2809,1555,Barsingerhorn
2810,1556,Breezand
2811,1557,"Den Oever"
2812,1557,"De Oever"
2813,1557,Oever
2814,1558,Haringhuizen
2815,1559,Hippolytushoef
2816,1559,Hypolitushoef
2817,1560,Kolhorn
2818,1561,Kreileroord
2819,1562,Lutjewinkel
2820,1563,Middenmeer
2821,1564,"Nieuwe Niedorp"
2822,1564,"Nieuwe Niedorp"
2823,1565,"Oude Niedorp"
2824,1566,Slootdorp
2825,1567,Westerland
2826,1568,Wieringerwaard
2827,1569,Wieringerwerf
2828,1569,Wieringerdorf
2829,1570,Winkel
2830,1571,Zijdewind
2831,1571,Zijdewinne
2832,1572,Blokker
2833,1572,Blokker
2834,1573,Hoorn
2835,1573,Hoarn
2836,1573,Hoorn
2837,1574,Zwaag
2838,1575,Huizen
2839,1575,Huizen
2840,1576,Avenhorn
2841,1577,Berkhout
2842,1578,"De Goorn"
2843,1578,Goorn
2844,1579,Hensbroek
2845,1580,Obdam
2846,1580,Obdam
2847,1581,Oudendijk
2848,1582,Scharwoude
2849,1583,Spierdijk
2850,1584,Ursem
2851,1585,Zuidermeer
2852,1586,"Den Ilp"
2853,1586,Ilp
2854,1587,Landsmeer
2855,1587,Landsmeer
2856,1587,Lânsmar
2857,1588,Purmerland
2858,1589,"Broek op Langedijk"
2859,1589,"Broek op Langendijk"
2860,1590,Koedijk
2861,1591,Noord-Scharwoude
2862,1592,"Sint Pancras"
2863,1592,Pankras
2864,1592,"Sint Pankras"
2865,1593,Zuid-Scharwoude
2866,1594,Laren
2867,1594,Laren
2868,1595,Abbekerk
2869,1596,Andijk
2870,1596,"Andijk Oost"
2871,1597,Benningbroek
2872,1598,Hauwert
2873,1599,Lambertschaag
2874,1600,Medemblik
2875,1600,Medemblik
2876,1601,Midwoud
2877,1602,Nibbixwoud
2878,1602,Nibbikswoud
2879,1603,Oostwoud
2880,1604,Opperdoes
2881,1605,Sijbekarspel
2882,1606,Twisk
2883,1606,Twist
2884,1607,Wervershoof
2885,1608,Wognum
2886,1609,Zwaagdijk-Oost
2887,1609,Zwaagdijk
2888,1610,Zwaagdijk-West
2889,1611,Oostzaan
2890,1611,Eastsaan
2891,1611,Oostzaan
2892,1612,Aartswoud
2893,1612,Aardswoud
2894,1612,Aartwoud
2895,1613,"De Weere"
2896,1613,Weere
2897,1614,Hoogwoud
2898,1615,Opmeer
2899,1615,Opmar
2900,1615,Opmeer
2901,1616,Spanbroek
2902,1617,Amsterdam-Duivendrecht
2903,1617,Amsterdam-Duivendrecht
2904,1618,Duivendrecht
2905,1618,Amsterdam-Duivendrecht
2906,1619,"Ouderkerk aan de Amstel"
2907,1619,"Ouder Amstel"
2908,1619,Ouderkerk
2909,1619,"Ouderkerk Aan Den Amstel"
2910,1619,"Ouderkerk a/d Amstel"
2911,1619,"Ouderkerk aan de Amstel"
2912,1620,Purmerend
2913,1620,Purmerein
2914,1620,Purmerend
2915,1621,"'t Zand"
2916,1621,Zand
2917,1622,Burgerbrug
2918,1623,Callantsoog
2919,1623,Kallensoog
2920,1624,Dirkshorn
2921,1624,Dirckshorn
2922,1625,Oudesluis
2923,1626,Oudkarspel
2924,1627,Petten
2925,1628,Schagen
2926,1628,Schagen
2927,1628,Skagen
2928,1629,Schagerbrug
2929,1630,"Sint Maarten"
2930,1631,"Sint Maartensbrug"
2931,1632,"Sint Maartensvlotbrug"
2932,1633,Tuitjenhorn
2933,1633,Tuitjehorn
2934,1634,Waarland
2935,1635,Warmenhuizen
2936,1636,Bovenkarspel
2937,1637,Grootebroek
2938,1638,Lutjebroek
2939,1639,"De Cocksdorp"
2940,1639,Cocksdorp
2941,1640,"De Koog"
2942,1640,Koog
2943,1641,"De Waal"
2944,1641,Waal
2945,1642,"Den Burg"
2946,1642,Burg
2947,1642,"De Burg"
2948,1643,"Den Hoorn"
2949,1643,"De Hoorn"
2950,1643,Hoorn
2951,1644,Oosterend
2952,1644,Oostereind
2953,1645,Oudeschild
2954,1646,Uitgeest
2955,1646,Uitgeest
2956,1646,Utgeast
2957,1647,"De Kwakel"
2958,1647,Kwake
2959,1647,Kwakel
2960,1648,Uithoorn
2961,1648,Uithoorn
2962,1648,Uthoarn
2963,1649,Driehuis
2964,1649,"Driehuis NH"
2965,1650,IJmuiden
2966,1650,IJmond
2967,1650,Ymuiden
2968,1651,Santpoort-Noord
2969,1651,Santpoort
2970,1652,Santpoort-Zuid
2971,1653,Velsen-Noord
2972,1653,Velseroord
2973,1653,Velzeroord
2974,1654,Velsen-Zuid
2975,1654,Velsen
2976,1654,Velzen
2977,1655,Velserbroek
2978,1656,"Broek in Waterland"
2979,1656,Broek
2980,1657,Ilpendam
2981,1658,Katwoude
2982,1659,Marken
2983,1659,Marken
2984,1660,Monnickendam
2985,1660,Monnikendam
2986,1661,Purmer
2987,1661,"De Purmer"
2988,1661,Purmer
2989,1662,Uitdam
2990,1663,Watergang
2991,1664,Zuiderwoude
2992,1665,Weesp
2993,1665,Weesp
2994,1666,'s-Graveland
2995,1666,"'s Gravenland"
2996,1666,'s-Graveland
2997,1666,"'s Graveland"
2998,1666,s-Gravelân
2999,1667,Ankeveen
3000,1668,Breukeleveen
3001,1668,Breukelerveen
3002,1669,Kortenhoef
3003,1670,Loosdrecht
3004,1670,Loosdrecht
3005,1670,Oud-Over
3006,1670,Oudover
3007,1671,"Nederhorst den Berg"
3008,1672,Jisp
3009,1673,Oostknollendam
3010,1673,Knollendam
3011,1673,Oostknollendam
3012,1674,Spijkerboor
3013,1675,Wijdewormer
3014,1676,Wormer
3015,1677,Assendelft
3016,1678,"Koog aan de Zaan"
3017,1678,Koog
3018,1679,Krommenie
3019,1680,Westknollendam
3020,1680,Knollendam
3021,1680,Westknollendam
3022,1681,Westzaan
3023,1682,Wormerveer
3024,1682,Wormereer
3025,1683,Zaandam
3026,1684,Zaandijk
3027,1685,Bentveld
3028,1686,Zandvoort
3029,1686,Landvoort
3030,1686,Zandvoort
3031,1687,Alblasserdam
3032,1688,Poortugaal
3033,1689,Rhoon
3034,1689,Roon
3035,1690,Rotterdam-Albrandswaard
3036,1691,Aarlanderveen
3037,1692,"Alphen aan den Rijn"
3038,1692,Alfen
3039,1692,Alphen
3040,1692,"Alphen a/d Rijn"
3041,1692,"Alphen aan de Rijn"
3042,1692,"Alphen aan den Rijn"
3043,1692,"Alphen aan der Rijn"
3044,1693,Benthuizen
3045,1694,Boskoop
3046,1695,Hazerswoude-Dorp
3047,1695,Hazerswoude
3048,1696,Hazerswoude-Rijndijk
3049,1696,Hazerswoude-Rijndijke
3050,1697,"Koudekerk aan den Rijn"
3051,1697,Koudekerk
3052,1697,"Koudekerk a/d Rijn"
3053,1697,"Koudekerk aan de Rijn"
3054,1697,"Koudekerk an der Rijn"
3055,1698,Zwammerdam
3056,1699,Barendrecht
3057,1700,Bodegraven
3058,1701,Driebruggen
3059,1702,"Nieuwerbrug aan den Rijn"
3060,1703,Reeuwijk
3061,1704,Waarder
3062,1705,Brielle
3063,1705,"Den Briel"
3064,1706,Vierpolders
3065,1707,Zwartewaal
3066,1708,"Capelle aan den IJssel"
3067,1708,Capelle
3068,1708,"Capelle a/d IJssel"
3069,1708,"Capelle a/d Yssel"
3070,1708,"Capelle aan de IJssel"
3071,1708,"Capelle aan de Yssel"
3072,1708,"Capelle aan den IJssel"
3073,1708,"Capelle aan den Yssel"
3074,1708,Kapelle
3075,1709,Delft
3076,1709,Delft
3077,1710,'s-Gravenhage
3078,1710,"De Haach"
3079,1710,"Den Haag"
3080,1710,Haag
3081,1711,"Den Haag"
3082,1711,"De Haach"
3083,1711,"Den Haag"
3084,1711,Haag
3085,1712,Dordrecht
3086,1712,Doardt
3087,1712,Dordrecht
3088,1712,Dordt
3089,1712,Dort
3090,1713,Achthuizen
3091,1714,"Den Bommel"
3092,1714,Bommel
3093,1715,Dirksland
3094,1716,Goedereede
3095,1716,Goederee
3096,1716,Goeree
3097,1717,Herkingen
3098,1718,Melissant
3099,1718,Melissand
3100,1719,Middelharnis
3101,1719,Middelharnis
3102,1720,Nieuwe-Tonge
3103,1721,Ooltgensplaat
3104,1722,Ouddorp
3105,1722,Alddoarp
3106,1723,Oude-Tonge
3107,1724,Sommelsdijk
3108,1725,"Stad aan 't Haringvliet"
3109,1725,"Stad aan het Haringvliet"
3110,1726,Stellendam
3111,1727,Dalem
3112,1728,Gorinchem
3113,1728,Garkum
3114,1729,Gouda
3115,1729,Gouda
3116,1729,Guda
3117,1730,Hardinxveld-Giessendam
3118,1731,Hellevoetsluis
3119,1732,Oudenhoorn
3120,1733,Hendrik-Ido-Ambacht
3121,1734,Hillegom
3122,1735,'s-Gravendeel
3123,1735,'s-Gravendeel
3124,1735,"'s Gravendeel"
3125,1736,Goudswaard
3126,1736,Korendijk
3127,1737,Heinenoord
3128,1738,Klaaswaal
3129,1739,Maasdam
3130,1740,Mijnsheerenland
3131,1741,Mookhoek
3132,1742,Nieuw-Beijerland
3133,1742,Nieuw-Beierland
3134,1743,Numansdorp
3135,1743,Buitensluis
3136,1743,Niemansdorp
3137,1744,Oud-Beijerland
3138,1744,"Oud Beierland"
3139,1745,Piershil
3140,1746,Puttershoek
3141,1747,Strijen
3142,1748,Strijensas
3143,1748,"Strijensche Sas"
3144,1749,Westmaas
3145,1750,Zuid-Beijerland
3146,1750,Zuidbeierland
3147,1751,Hoogmade
3148,1751,Hoogmaden
3149,1752,Kaag
3150,1752,"De Kaag"
3151,1753,Leimuiden
3152,1753,Leymuiden
3153,1754,"Nieuwe Wetering"
3154,1755,"Oud Ade"
3155,1756,"Oude Wetering"
3156,1757,Rijnsaterwoude
3157,1757,Rijnxaterwoude
3158,1758,Rijpwetering
3159,1759,Roelofarendsveen
3160,1760,Woubrugge
3161,1761,Katwijk
3162,1761,Katwijk
3163,1762,Rijnsburg
3164,1762,Rynsburch
3165,1763,Valkenburg
3166,1763,Valkenburg
3167,1764,"Krimpen aan den IJssel"
3168,1764,Krimpen
3169,1764,"Krimpen a/d IJssel"
3170,1764,"Krimpen a/d Yssel"
3171,1764,"Krimpen aan de Yssel"
3172,1764,"Krimpen aan den IJssel"
3173,1764,"Krimpen aan den Yssel"
3174,1765,Ammerstol
3175,1766,Bergambacht
3176,1767,Berkenwoude
3177,1768,Gouderak
3178,1769,Haastrecht
3179,1770,"Krimpen aan de Lek"
3180,1770,Krimpen
3181,1770,"Krimpen a/d Lek"
3182,1770,"Krimpen aan den Lek"
3183,1771,Lekkerkerk
3184,1772,"Ouderkerk aan den IJssel"
3185,1772,Ouderkerk
3186,1772,"Ouderkerk a/d IJssel"
3187,1772,"Ouderkerk a/d Yssel"
3188,1772,"Ouderkerk aan de IJssel"
3189,1772,"Ouderkerk aan de Yssel"
3190,1772,"Ouderkerk aan den IJssel"
3191,1772,"Ouderkerk aan den Yssel"
3192,1772,Ouderkerk-aan-den-IJsel
3193,1773,Schoonhoven
3194,1773,Sconhouen
3195,1774,Stolwijk
3196,1775,Vlist
3197,1776,Bergschenhoek
3198,1777,"Berkel en Rodenrijs"
3199,1778,Bleiswijk
3200,1779,Leiden
3201,1779,Leiden
3202,1779,Leien
3203,1779,Leyden
3204,1780,Leiderdorp
3205,1781,Leidschendam
3206,1782,Voorburg
3207,1783,Lisse
3208,1784,Maassluis
3209,1784,Maassluis
3210,1785,"Den Hoorn"
3211,1785,Hoorn
3212,1786,Maasland
3213,1787,Schipluiden
3214,1788,Arkel
3215,1789,"Bleskensgraaf ca"
3216,1789,"Bleskensgraaf ca"
3217,1790,Brandwijk
3218,1791,Giessenburg
3219,1791,"Giesen Nieuwkerk"
3220,1791,"Giessen Nieuwkerk"
3221,1792,Goudriaan
3222,1793,Groot-Ammers
3223,1794,Hoogblokland
3224,1795,Hoornaar
3225,1796,Kinderdijk
3226,1797,Langerak
3227,1798,Molenaarsgraaf
3228,1799,Nieuw-Lekkerland
3229,1800,Nieuwpoort
3230,1801,Noordeloos
3231,1802,Ottoland
3232,1803,Oud-Alblas
3233,1804,Schelluinen
3234,1805,Streefkerk
3235,1806,Waal
3236,1807,Wijngaarden
3237,1808,Nieuwkoop
3238,1809,Nieuwveen
3239,1810,Noorden
3240,1811,"Ter Aar"
3241,1812,Vrouwenakker
3242,1812,Vrouweakker
3243,1813,"Woerdense Verlaat"
3244,1813,Woerdenscheverlaat
3245,1813,Woerdenschverlaat
3246,1813,"Woerdsche Verlaat"
3247,1814,Zevenhoven
3248,1815,Abbenbroek
3249,1816,Geervliet
3250,1817,Heenvliet
3251,1818,Hekelingen
3252,1819,Simonshaven
3253,1820,Spijkenisse
3254,1820,Spijkenisse
3255,1821,Zuidland
3256,1822,"De Zilk"
3257,1822,"Groote Zilk"
3258,1822,Zilk
3259,1823,Noordwijk
3260,1823,Noordwijk
3261,1824,Noordwijkerhout
3262,1825,Oegstgeest
3263,1825,Oegstgeest
3264,1825,Oestgeest
3265,1826,Papendrecht
3266,1827,Delfgauw
3267,1828,Nootdorp
3268,1829,Pijnacker
3269,1829,Pijnacker
3270,1829,Pynakker
3271,1830,Ridderkerk
3272,1830,Ridderkerk
3273,1831,Rijswijk
3274,1832,"Botlek Rotterdam"
3275,1832,"Botlek Rotterdam"
3276,1833,"Europoort Rotterdam"
3277,1833,Eurapoort
3278,1833,Europoort
3279,1833,"Europoort Rotterdam"
3280,1833,Rotterdam-Europoort
3281,1834,"Hoek van Holland"
3282,1834,"Hoek van Holland"
3283,1834,"Hook of Holland"
3284,1835,"Hoogvliet Rotterdam"
3285,1835,"Hoogvliet Rotterdam"
3286,1836,"Maasvlakte Rotterdam"
3287,1836,"De Maasvlakte"
3288,1836,Maasvlakte
3289,1837,"Pernis Rotterdam"
3290,1837,"Pernis Rotterdam"
3291,1838,Rotterdam
3292,1838,Rotterdam
3293,1839,Rozenburg
3294,1840,"Vondelingenplaat Rotterdam"
3295,1840,"Vondelingenplaat Rotterdam"
3296,1841,Schiedam
3297,1841,Schiedam
3298,1841,Skiedam
3299,1842,Sliedrecht
3300,1843,Sassenheim
3301,1844,Voorhout
3302,1845,Warmond
3303,1846,Vlaardingen
3304,1846,Vlaardingen
3305,1847,Voorschoten
3306,1848,Waddinxveen
3307,1849,Wassenaar
3308,1850,'s-Gravenzande
3309,1851,"De Lier"
3310,1851,Lier
3311,1852,Honselersdijk
3312,1852,Hondshorledijk
3313,1852,Honselerdijk
3314,1853,Kwintsheul
3315,1854,Maasdijk
3316,1855,Monster
3317,1856,Naaldwijk
3318,1857,Poeldijk
3319,1858,"Ter Heijde"
3320,1858,"Ter Heide"
3321,1858,Terhei
3322,1858,Terheiden
3323,1859,Wateringen
3324,1860,Oostvoorne
3325,1861,Rockanje
3326,1861,Rokanje
3327,1861,Rokkanje
3328,1862,Tinte
3329,1862,"De Tinte"
3330,1863,Zoetermeer
3331,1863,Zoetermeer
3332,1864,Gelderswoude
3333,1864,Gelderwoude
3334,1865,Zoeterwoude
3335,1865,Zoeterwoude
3336,1866,Moerkapelle
3337,1867,Moordrecht
3338,1868,"Nieuwerkerk aan den IJssel"
3339,1868,Nieuwerkerk
3340,1868,"Nieuwerkerk a/d IJssel"
3341,1868,"Nieuwerkerk a/d Yssel"
3342,1868,"Nieuwerkerk aan de IJssel"
3343,1868,"Nieuwerkerk aan de Yssel"
3344,1868,"Nieuwerkerk aan den Yssel"
3345,1869,Zevenhuizen
3346,1870,Heerjansdam
3347,1871,Zwijndrecht
3348,1871,Zwijndrecht
3349,1872,'s-Gravenpolder
3350,1872,'s-Gravenpolder
3351,1872,"'s Gravenpolder"
3352,1873,"'s-Heer Abtskerke"
3353,1873,"'s-Heer Abtskerke"
3354,1873,"'s Heer Abtskerke"
3355,1874,'s-Heerenhoek
3356,1874,'s-Heerenhoek
3357,1874,"'s Heerenhoek"
3358,1875,Baarland
3359,1876,Borssele
3360,1876,Borsele
3361,1876,Borssele
3362,1876,Borsselen
3363,1877,Driewegen
3364,1878,Ellewoutsdijk
3365,1878,Ellewoudsdijk
3366,1879,Heinkenszand
3367,1880,Hoedekenskerke
3368,1881,Kwadendamme
3369,1881,Kwadendanne
3370,1882,Lewedorp
3371,1883,Nieuwdorp
3372,1883,Nieuwedorp
3373,1884,Nisse
3374,1885,Oudelande
3375,1886,Ovezande
3376,1887,"'s-Heer Arendskerke"
3377,1887,"'s-Heer Arendskerke"
3378,1887,"'s Heer Arendskerke"
3379,1888,"'s-Heer Hendrikskinderen"
3380,1888,"'s-Heer Hendrikskinderen"
3381,1888,"'s Heer Hendrikskinderen"
3382,1889,Goes
3383,1889,Goes
3384,1890,Kattendijke
3385,1891,Wilhelminadorp
3386,1892,Wolphaartsdijk
3387,1892,Oostkerk
3388,1892,Oostkerke
3389,1892,Wolphaartsdijk
3390,1893,Clinge
3391,1893,Klinge
3392,1894,Graauw
3393,1894,Grauw
3394,1895,Heikant
3395,1896,Hengstdijk
3396,1896,Hengsdijk
3397,1896,Hengstdyk
3398,1897,Hulst
3399,1898,Kapellebrug
3400,1898,Kapelbrug
3401,1898,Kappellebrug
3402,1899,Kloosterzande
3403,1899,Kleastersân
3404,1900,Kuitaart
3405,1901,Lamswaarde
3406,1902,Nieuw-Namen
3407,1902,"Nieuw Naman"
3408,1903,Ossenisse
3409,1904,"Sint Jansteen"
3410,1904,Sint-Janssteen
3411,1905,Terhole
3412,1905,Terhole
3413,1906,Vogelwaarde
3414,1906,Fûgelwearde
3415,1907,Walsoorden
3416,1907,Walsoorde
3417,1908,Kapelle
3418,1908,Capelle
3419,1909,Kloetinge
3420,1910,Schore
3421,1911,Wemeldinge
3422,1912,Arnemuiden
3423,1913,Middelburg
3424,1913,Middelburch
3425,1913,Middelburg
3426,1914,"Nieuw- en Sint Joosland"
3427,1914,"Nieuw-en Sint Joosland"
3428,1915,Colijnsplaat
3429,1915,Colijnsplaat
3430,1916,Geersdijk
3431,1916,Geersdijke
3432,1917,Kamperland
3433,1917,Camperland
3434,1918,Kats
3435,1919,Kortgene
3436,1919,Kotgene
3437,1920,Wissenkerke
3438,1920,Wissekerke
3439,1921,Hansweert
3440,1921,Hansweerd
3441,1922,Krabbendijke
3442,1922,Krabbendyke
3443,1923,Kruiningen
3444,1923,Kruninge
3445,1924,Oostdijk
3446,1925,Rilland
3447,1925,Rilland-Bath
3448,1926,Waarde
3449,1927,Yerseke
3450,1927,IJerseka
3451,1927,Iersake
3452,1927,Ierseke
3453,1927,Yrseke
3454,1928,Brouwershaven
3455,1929,Bruinisse
3456,1930,Burgh-Haamstede
3457,1931,Dreischor
3458,1931,Dreischor
3459,1931,Drijschor
3460,1932,Ellemeet
3461,1933,Kerkwerve
3462,1934,Nieuwerkerk
3463,1934,Nieuwerkerk
3464,1935,Noordgouwe
3465,1936,Noordwelle
3466,1937,Oosterland
3467,1938,Ouwerkerk
3468,1939,Renesse
3469,1940,Scharendijke
3470,1941,Sirjansland
3471,1941,S-Heerjansland
3472,1941,Sirsjansland
3473,1942,Zierikzee
3474,1942,Zieriksee
3475,1943,Zonnemaire
3476,1944,Aardenburg
3477,1945,Breskens
3478,1946,Cadzand
3479,1946,Casant
3480,1946,Kadzand
3481,1947,Eede
3482,1948,Groede
3483,1949,Hoofdplaat
3484,1950,IJzendijke
3485,1951,Nieuwvliet
3486,1952,Oostburg
3487,1953,Retranchement
3488,1954,Schoondijke
3489,1955,"Sint Kruis"
3490,1956,Sluis
3491,1957,Waterlandkerkje
3492,1958,Zuidzande
3493,1959,Axel
3494,1959,Aksel
3495,1960,Biervliet
3496,1960,Bierfliet
3497,1961,Hoek
3498,1962,Koewacht
3499,1963,Overslag
3500,1964,Philippine
3501,1964,Filippine
3502,1965,"Sas van Gent"
3503,1965,"Sas fan Gent"
3504,1966,Sluiskil
3505,1967,Spui
3506,1967,Zoutespui
3507,1968,Terneuzen
3508,1968,Neuzen
3509,1968,Terneuzen
3510,1969,Westdorpe
3511,1970,Zaamslag
3512,1971,Zuiddorpe
3513,1972,Oud-Vossemeer
3514,1972,"Oud Vosmeer"
3515,1973,Poortvliet
3516,1974,Scherpenisse
3517,1975,Sint-Annaland
3518,1975,"Anna Land"
3519,1975,Sint-Annaland
3520,1976,Sint-Maartensdijk
3521,1976,Sint-Maartensdijk
3522,1977,"Sint Philipsland"
3523,1977,"Sint Filipsland"
3524,1978,Stavenisse
3525,1979,Tholen
3526,1979,Tholen
3527,1979,Tolen
3528,1980,Aagtekerke
3529,1981,Biggekerke
3530,1982,Domburg
3531,1983,Gapinge
3532,1984,Grijpskerke
3533,1985,Koudekerke
3534,1986,Meliskerke
3535,1987,Oostkapelle
3536,1988,Serooskerke
3537,1989,Veere
3538,1989,Veere
3539,1989,Vere
3540,1990,Vrouwenpolder
3541,1991,Westkapelle
3542,1992,Zoutelande
3543,1993,Oost-Souburg
3544,1993,Oostsoeburg
3545,1993,Souberg
3546,1994,Ritthem
3547,1994,Rittem
3548,1995,Vlissingen
3549,1995,Flissingen
3550,1995,Vlissingen
3551,1996,'s-Hertogenbosch
3552,1996,'s-Hertogenbosch
3553,1996,"'s Hertogenbosch"
3554,1996,"De Bosk"
3555,1996,"Den Bosch"
3556,1996,Hertogenbosch
3557,1997,"Den Bosch"
3558,1997,'s-Hertogenbosch
3559,1997,"'s Hertogenbosch"
3560,1997,"De Bosk"
3561,1997,"Den Bosch"
3562,1997,Hertogenbosch
3563,1998,Nuland
3564,1999,Rosmalen
3565,2000,Alphen
3566,2000,Alfen
3567,2001,"Bavel AC"
3568,2002,Chaam
3569,2003,Galder
3570,2004,Strijbeek
3571,2005,"Ulvenhout AC"
3572,2006,Almkerk
3573,2007,Andel
3574,2007,Andel
3575,2008,Babyloniënbroek
3576,2008,Babiloniënbroek
3577,2009,Drongelen
3578,2010,Dussen
3579,2011,Eethen
3580,2011,Eeten
3581,2011,Eten
3582,2012,Genderen
3583,2013,Giessen
3584,2013,Giesen
3585,2014,Hank
3586,2015,Meeuwen
3587,2016,Nieuwendijk
3588,2016,Nieuwedijk
3589,2017,"Rijswijk (NB)"
3590,2017,"Rijswijk (NB)"
3591,2018,Sleeuwijk
3592,2018,Sleewijk
3593,2019,Uitwijk
3594,2020,Veen
3595,2021,Waardhuizen
3596,2022,Werkendam
3597,2022,Werkendam
3598,2023,"Wijk en Aalburg"
3599,2023,Aalburg
3600,2023,"Wijk en Aalburg"
3601,2024,Woudrichem
3602,2024,Woudrichem
3603,2025,Asten
3604,2025,Asten
3605,2026,Ommel
3606,2027,Baarle-Nassau
3607,2027,Baarle-Nassau
3608,2028,Castelre
3609,2028,Castelre
3610,2028,Kastelree
3611,2029,Ulicoten
3612,2029,Ulekoten
3613,2030,Bergeijk
3614,2030,Bergeijk
3615,2030,Bergeik
3616,2031,Luyksgestel
3617,2031,Luijksgestel
3618,2031,Luiksgestel
3619,2032,Riethoven
3620,2033,Westerhoven
3621,2034,"Bergen op Zoom"
3622,2034,"Bergen op Zoom"
3623,2035,Halsteren
3624,2036,Lepelstraat
3625,2037,Heesch
3626,2038,Heeswijk-Dinther
3627,2039,Loosbroek
3628,2040,Nistelrode
3629,2041,Vinkel
3630,2042,Vorstenbosch
3631,2043,Best
3632,2043,Best
3633,2044,Bladel
3634,2044,Bladel
3635,2045,Casteren
3636,2045,Kasteren
3637,2046,Hapert
3638,2047,Hoogeloon
3639,2048,Netersel
3640,2049,Boekel
3641,2050,Venhorst
3642,2051,Beugen
3643,2051,Beugen
3644,2052,Boxmeer
3645,2052,Boksmeer
3646,2052,Boxmeer
3647,2053,Groeningen
3648,2054,Holthees
3649,2055,Maashees
3650,2055,Maashees
3651,2055,Muszès
3652,2056,Oeffelt
3653,2056,Oefelt
3654,2056,Oeffelt
3655,2057,Overloon
3656,2057,Overloon
3657,2058,Rijkevoort
3658,2059,Sambeek
3659,2059,Sambeek
3660,2060,Vierlingsbeek
3661,2060,Vierlingsbeek
3662,2061,Vortum-Mullem
3663,2061,Mullem
3664,2061,Mullum
3665,2061,Vortum
3666,2061,Vortum-Mullem
3667,2062,Boxtel
3668,2062,Bokstel
3669,2062,Boxtel
3670,2063,Liempde
3671,2064,Bavel
3672,2065,Breda
3673,2065,Breda
3674,2066,Prinsenbeek
3675,2067,Teteringen
3676,2068,Ulvenhout
3677,2068,Ulvenhout
3678,2069,Budel
3679,2070,Budel-Dorplein
3680,2070,Dorplein
3681,2070,Dorpplein
3682,2071,Budel-Schoot
3683,2071,"Groot Schoot"
3684,2071,"Groote Schoot"
3685,2072,Gastel
3686,2073,Maarheeze
3687,2073,Haarheeze
3688,2073,Maarheze
3689,2074,Soerendonk
3690,2075,Beers
3691,2075,"Beers NB"
3692,2075,Bèèrs
3693,2076,Cuijk
3694,2076,Cuijk
3695,2076,Cuyk
3696,2076,Kuuk
3697,2076,Kuyk
3698,2077,Haps
3699,2078,Katwijk
3700,2078,"Katwijk NB"
3701,2078,"Katwijk aan de Maas"
3702,2079,Linden
3703,2079,Linden
3704,2080,"Sint Agatha"
3705,2081,Vianen
3706,2081,"Vianen NB"
3707,2082,Deurne
3708,2083,Helenaveen
3709,2084,Liessel
3710,2084,Liesel
3711,2084,Liezel
3712,2085,Neerkant
3713,2086,Vlierden
3714,2087,"'s Gravenmoer"
3715,2087,"'s Gravemoer"
3716,2088,Dongen
3717,2088,Dongen
3718,2089,Drimmelen
3719,2089,Drimmelen
3720,2090,"Hooge Zwaluwe"
3721,2091,"Lage Zwaluwe"
3722,2091,Zwaluwe
3723,2092,Made
3724,2093,Terheijden
3725,2093,Terheden
3726,2093,Terheide
3727,2093,Terheiden
3728,2094,Wagenberg
3729,2095,Duizel
3730,2096,Eersel
3731,2096,Eersel
3732,2097,Knegsel
3733,2098,Steensel
3734,2099,Vessem
3735,2100,Wintelre
3736,2101,Eindhoven
3737,2101,Eindhoven
3738,2102,Etten-Leur
3739,2103,Geertruidenberg
3740,2103,Geertruidenberg
3741,2104,Raamsdonk
3742,2105,Raamsdonksveer
3743,2105,Raamsdonkveer
3744,2106,Geldrop
3745,2107,Mierlo
3746,2107,Mierloo
3747,2108,Bakel
3748,2109,"De Mortel"
3749,2109,Mortel
3750,2110,"De Rips"
3751,2111,Elsendorp
3752,2112,Gemert
3753,2113,Handel
3754,2114,Milheeze
3755,2115,Gilze
3756,2116,Hulten
3757,2117,Molenschot
3758,2118,Rijen
3759,2118,Reijen
3760,2119,Goirle
3761,2119,Goirle
3762,2119,Goorle
3763,2120,Riel
3764,2121,Escharen
3765,2121,Esteren
3766,2122,Gassel
3767,2123,Grave
3768,2123,Grave
3769,2124,Velp
3770,2125,Biezenmortel
3771,2126,Esch
3772,2127,Haaren
3773,2127,Haaren
3774,2128,Helvoirt
3775,2128,Helvoort
3776,2129,Bosschenhoofd
3777,2130,Hoeven
3778,2130,"De Hoeven"
3779,2131,"Oud Gastel"
3780,2132,Oudenbosch
3781,2133,Stampersgat
3782,2134,Heeze
3783,2134,Heeze
3784,2135,Leende
3785,2136,Sterksel
3786,2137,Helmond
3787,2137,Helmond
3788,2138,Doeveren
3789,2139,Drunen
3790,2140,Elshout
3791,2141,Haarsteeg
3792,2142,Hedikhuizen
3793,2143,Heesbeen
3794,2144,Herpt
3795,2145,Heusden
3796,2145,Housden
3797,2146,Nieuwkuijk
3798,2146,Nieuwkuik
3799,2147,Oudheusden
3800,2148,Vlijmen
3801,2149,Biest-Houtakker
3802,2149,Biest-Houtakker
3803,2150,Diessen
3804,2150,Diesen
3805,2151,Esbeek
3806,2152,Haghorst
3807,2153,Hilvarenbeek
3808,2154,Aarle-Rixtel
3809,2155,"Beek en Donk"
3810,2156,Lieshout
3811,2157,Mariahout
3812,2158,Reek
3813,2159,Schaijk
3814,2159,Schaaik
3815,2159,Schaik
3816,2159,Schayk
3817,2160,Zeeland
3818,2160,Zeeland
3819,2161,"De Moer"
3820,2161,Sint-Joachimsmoer
3821,2162,Kaatsheuvel
3822,2163,"Loon op Zand"
3823,2163,"Loon op Zand"
3824,2164,Erp
3825,2165,Schijndel
3826,2165,Schijndel
3827,2166,Sint-Oedenrode
3828,2166,Sint-Oedenrode
3829,2167,Veghel
3830,2167,Vechel
3831,2167,Veghel
3832,2168,Langenboom
3833,2169,Mill
3834,2169,Mill
3835,2170,"Sint Hubert"
3836,2171,Wilbertoord
3837,2172,Fijnaart
3838,2173,Heijningen
3839,2173,Heiningen
3840,2174,Klundert
3841,2175,Langeweg
3842,2176,Moerdijk
3843,2176,Moerdijk
3844,2177,Noordhoek
3845,2178,Oudemolen
3846,2178,Oudemolen
3847,2179,Standdaarbuiten
3848,2180,Willemstad
3849,2181,Zevenbergen
3850,2182,"Zevenbergschen Hoek"
3851,2182,Zevenbergschehoek
3852,2183,Nuenen
3853,2183,Nuenen
3854,2184,Oirschot
3855,2184,Oirschot
3856,2184,Oorschot
3857,2185,"Oost West en Middelbeers"
3858,2186,Heukelom
3859,2186,Heukelum
3860,2186,"Hoog Heukelom"
3861,2186,"Hoog Heukelum"
3862,2187,Moergestel
3863,2188,Oisterwijk
3864,2188,Oisterwijk
3865,2188,Oosterwijk
3866,2189,"Den Hout"
3867,2189,Hout
3868,2190,Dorst
3869,2191,Oosteind
3870,2192,Oosterhout
3871,2192,Oosterhout
3872,2193,Berghem
3873,2193,Berchem
3874,2194,Demen
3875,2195,Deursen-Dennenburg
3876,2196,Dieden
3877,2197,Geffen
3878,2198,Haren
3879,2199,Herpen
3880,2200,Huisseling
3881,2200,Huiseling
3882,2201,Keent
3883,2202,Koolwijk
3884,2203,Lith
3885,2203,Lit
3886,2203,Lith
3887,2204,Lithoijen
3888,2204,Lithooien
3889,2204,Lithoyen
3890,2204,Litooien
3891,2205,Macharen
3892,2206,Maren-Kessel
3893,2207,Megen
3894,2208,Neerlangel
3895,2209,Neerloon
3896,2210,Oijen
3897,2210,Ooien
3898,2211,Oss
3899,2211,Os
3900,2211,Oss
3901,2212,Overlangel
3902,2213,Ravenstein
3903,2213,Ravestein
3904,2214,Teeffelen
3905,2214,Tefelen
3906,2214,Teffelen
3907,2215,"Hooge Mierde"
3908,2216,Hulsel
3909,2217,"Lage Mierde"
3910,2218,Reusel
3911,2218,Reuzel
3912,2219,Heerle
3913,2220,Moerstraten
3914,2221,Nispen
3915,2222,Roosendaal
3916,2222,Roosendaal
3917,2223,Wouw
3918,2224,"Wouwse Plantage"
3919,2224,Wouwse-Plantage
3920,2225,Rucphen
3921,2225,Rucphen
3922,2225,Rukfen
3923,2226,Schijf
3924,2227,Sprundel
3925,2228,"St. Willebrord"
3926,2228,Heike
3927,2228,"St. Willebrord"
3928,2228,Willebrord
3929,2229,Zegge
3930,2230,Landhorst
3931,2231,Ledeacker
3932,2231,Ledeakker
3933,2232,Oploo
3934,2232,Oplo
3935,2233,"Rijkevoort-De Walsert"
3936,2234,"Sint Anthonis"
3937,2234,Antonis
3938,2234,"Sint Anthonis"
3939,2234,"Sint Antonis"
3940,2235,Stevensbeek
3941,2236,Wanroij
3942,2236,Wanrooi
3943,2236,Wanrooy
3944,2236,Wanroy
3945,2237,Westerbeek
3946,2238,Berlicum
3947,2238,Berlikum
3948,2239,"Den Dungen"
3949,2239,Dungen
3950,2240,Gemonde
3951,2241,Sint-Michielsgestel
3952,2242,Lierop
3953,2243,Someren
3954,2243,Someren
3955,2244,"Son en Breugel"
3956,2245,"De Heen"
3957,2245,Heen
3958,2245,Hoogedorp
3959,2246,Dinteloord
3960,2247,Kruisland
3961,2248,Nieuw-Vossemeer
3962,2248,Nieuw-Vosmeer
3963,2249,Steenbergen
3964,2249,Steenbergen
3965,2250,Berkel-Enschot
3966,2251,Tilburg
3967,2251,Tilburch
3968,2251,Tilburg
3969,2252,Udenhout
3970,2253,Odiliapeel
3971,2254,Uden
3972,2254,Uden
3973,2255,Volkel
3974,2256,Valkenswaard
3975,2256,Valkenswaard
3976,2257,Veldhoven
3977,2258,Cromvoirt
3978,2258,Cromvoirt
3979,2258,Crummert
3980,2259,Vught
3981,2260,Waalre
3982,2260,Waalre
3983,2261,Sprang-Capelle
3984,2261,Sprang-Capelle
3985,2262,Waalwijk
3986,2262,Waalwijk
3987,2263,Waspik
3988,2264,Hoogerheide
3989,2265,Huijbergen
3990,2265,Huibergen
3991,2266,Ossendrecht
3992,2267,Putte
3993,2267,Putten
3994,2268,Woensdrecht
3995,2268,Woensdrecht
3996,2269,Achtmaal
3997,2270,"Klein Zundert"
3998,2270,"Klein Zundert"
3999,2271,Rijsbergen
4000,2272,Wernhout
4001,2273,Zundert
4002,2273,"Groot Zundert"
4003,2274,Beek
4004,2275,Maastricht-Airport
4005,2276,Spaubeek
4006,2276,Spanbeek
4007,2276,Spaubeek
4008,2277,Amstenrade
4009,2278,Bingelrade
4010,2279,Doenrade
4011,2279,"Groot Doenrade"
4012,2280,Hulsberg
4013,2281,Jabeek
4014,2282,Merkelbeek
4015,2283,Nuth
4016,2283,Nut
4017,2283,Nuth
4018,2284,Oirsbeek
4019,2284,Oorsbeek
4020,2285,Puth
4021,2286,Schimmert
4022,2287,Schinnen
4023,2288,Schinveld
4024,2289,Sweikhuizen
4025,2290,Wijnandsrade
4026,2291,Beesel
4027,2291,Besel
4028,2292,Reuver
4029,2293,Afferden
4030,2293,"Afferden L"
4031,2294,Bergen
4032,2294,Bergen
4033,2295,Siebengewald
4034,2296,Well
4035,2296,"Well L"
4036,2297,Wellerlooi
4037,2298,Brunssum
4038,2298,Brunssum
4039,2298,Brunsum
4040,2299,Echt
4041,2300,Koningsbosch
4042,2301,"Maria Hoop"
4043,2301,"Maria Hoop"
4044,2302,Nieuwstadt
4045,2302,Nieuwstad
4046,2303,Roosteren
4047,2304,"Sint Joost"
4048,2305,Susteren
4049,2306,Banholt
4050,2307,Bemelen
4051,2308,"Cadier en Keer"
4052,2308,Cadier
4053,2308,Kadier
4054,2308,"Kadier en Keer"
4055,2309,Eckelrade
4056,2309,Ekkelrade
4057,2310,Eijsden
4058,2310,Eisden
4059,2310,Eysden
4060,2311,Gronsveld
4061,2312,Margraten
4062,2313,Mheer
4063,2313,Meehr
4064,2313,Meer
4065,2314,Noorbeek
4066,2314,Noordbeek
4067,2315,Scheulder
4068,2315,Schulde
4069,2315,Schulder
4070,2316,"Sint Geertruid"
4071,2316,Geertruid
4072,2316,"Sint Geertruide"
4073,2317,Gennep
4074,2317,Asnapium
4075,2317,Gennep
4076,2317,"Gennep an der Maas"
4077,2318,Heijen
4078,2318,Heien
4079,2319,Milsbeek
4080,2319,"Milsbeek bij Gennep"
4081,2320,Ottersum
4082,2321,Ven-Zelderheide
4083,2321,Veen
4084,2321,Ven
4085,2322,Beutenaken
4086,2323,Elkenrade
4087,2323,Elkenraad
4088,2324,Epen
4089,2325,Eys
4090,2325,Eijs
4091,2325,Eis
4092,2326,Gulpen
4093,2327,Heijenrath
4094,2327,Heienrade
4095,2327,Heijenraat
4096,2328,Ingber
4097,2329,Mechelen
4098,2330,Reijmerstok
4099,2330,Reimerstok
4100,2331,Slenaken
4101,2331,Slenken
4102,2332,Wijlre
4103,2333,Wittem
4104,2334,Heerlen
4105,2334,Heerlen
4106,2335,Hoensbroek
4107,2335,Hoensbrock
4108,2336,America
4109,2336,Amerika
4110,2337,Broekhuizen
4111,2338,Broekhuizenvorst
4112,2338,Broekhuizervorst
4113,2339,Evertsoord
4114,2340,Griendtsveen
4115,2341,Grubbenvorst
4116,2342,Hegelsom
4117,2343,Horst
4118,2344,Kronenberg
4119,2345,Lottum
4120,2346,Meerlo
4121,2346,Meerloo
4122,2347,Melderslo
4123,2348,Meterik
4124,2349,Sevenum
4125,2349,Sevenum
4126,2350,Swolgen
4127,2351,Tienray
4128,2351,Tienraai
4129,2351,Tienray
4130,2352,Eygelshoven
4131,2352,Eggelshoven
4132,2352,Eigelshoven
4133,2352,Eijgelshoven
4134,2352,Eygelshovenerneg
4135,2353,Kerkrade
4136,2353,Kerkrade
4137,2354,Landgraaf
4138,2355,Baexem
4139,2355,Baaksem
4140,2356,Buggenum
4141,2356,Bruggenum
4142,2356,Buggenem
4143,2357,Ell
4144,2357,El
4145,2358,Grathem
4146,2358,Gratem
4147,2359,Haelen
4148,2359,Haelen
4149,2359,Halen
4150,2360,Haler
4151,2360,Haeler
4152,2361,Heibloem
4153,2362,Heythuysen
4154,2362,Heijthuizen
4155,2362,Heithuizen
4156,2362,Heythuizen
4157,2362,Heythuysen
4158,2363,Horn
4159,2364,Hunsel
4160,2364,Hunsel
4161,2365,Ittervoort
4162,2366,Kelpen-Oler
4163,2367,Neer
4164,2368,Neeritter
4165,2369,Nunhem
4166,2370,Roggel
4167,2371,Beegden
4168,2372,Heel
4169,2373,Linne
4170,2374,Maasbracht
4171,2374,Maasbracht
4172,2375,"Ohé en Laak"
4173,2375,Ohee
4174,2375,"Ohé en Laak"
4175,2376,Stevensweert
4176,2377,Thorn
4177,2377,Thorn
4178,2377,Torn
4179,2378,Wessem
4180,2379,Maastricht
4181,2379,Maastricht
4182,2380,Bunde
4183,2381,Geulle
4184,2381,Geul
4185,2381,Guelle
4186,2382,Meerssen
4187,2382,Meersen
4188,2382,Meerssen
4189,2383,Moorveld
4190,2383,Mwórveld
4191,2384,Ulestraten
4192,2385,Middelaar
4193,2386,Molenhoek
4194,2387,Mook
4195,2388,Plasmolen
4196,2389,Leveroy
4197,2389,Leverooi
4198,2389,Leveroy
4199,2390,Nederweert
4200,2390,Nederweert
4201,2391,Nederweert-Eind
4202,2392,Ospel
4203,2393,Baarlo
4204,2393,Baarloo
4205,2394,Beringe
4206,2394,Beringen
4207,2395,Egchel
4208,2395,Echel
4209,2396,Grashoek
4210,2397,Helden
4211,2398,Kessel
4212,2399,Koningslust
4213,2400,Maasbree
4214,2401,Meijel
4215,2401,Meiel
4216,2402,Panningen
4217,2403,Herkenbosch
4218,2404,Melick
4219,2404,Melik
4220,2405,Montfort
4221,2406,Posterholt
4222,2407,"Sint Odiliënberg"
4223,2408,Vlodrop
4224,2409,Herten
4225,2410,Roermond
4226,2410,Roermond
4227,2411,Swalmen
4228,2411,Swalmen
4229,2412,Baneheide
4230,2413,Bocholtz
4231,2413,Bocholz
4232,2414,Simpelveld
4233,2414,Simpelveld
4234,2415,Born
4235,2416,Buchten
4236,2417,Einighausen
4237,2418,Geleen
4238,2419,Grevenbicht
4239,2420,Guttecoven
4240,2420,Guttekoven
4241,2421,Holtum
4242,2422,Limbricht
4243,2423,Munstergeleen
4244,2424,Obbicht
4245,2425,Papenhoven
4246,2426,Sittard
4247,2427,Windraak
4248,2427,Windraak
4249,2428,Elsloo
4250,2428,Elslo
4251,2429,Stein
4252,2430,Urmond
4253,2431,Lemiers
4254,2431,Lemier
4255,2432,Vaals
4256,2432,Vaals
4257,2433,Vijlen
4258,2434,"Berg en Terblijt"
4259,2435,"Schin op Geul"
4260,2435,"Schin op Geule"
4261,2436,Valkenburg
4262,2437,Walem
4263,2438,Arcen
4264,2438,Arsen
4265,2439,Belfeld
4266,2440,Lomm
4267,2440,Lom
4268,2441,Steyl
4269,2441,Steijl
4270,2441,Steil
4271,2441,Steyl
4272,2442,Tegelen
4273,2443,Velden
4274,2444,Venlo
4275,2444,Fenlo
4276,2444,Venlo
4277,2444,Venloo
4278,2445,Blitterswijck
4279,2445,Blitterswijk
4280,2446,Castenray
4281,2446,Castenraai
4282,2446,Castenraij
4283,2446,Kastenraai
4284,2447,Geijsteren
4285,2447,Geijsteren
4286,2447,Geisteren
4287,2448,Heide
4288,2449,Leunen
4289,2450,Merselo
4290,2450,Meerselo
4291,2451,Oirlo
4292,2451,Oorlo
4293,2451,Oorloo
4294,2452,Oostrum
4295,2453,Smakt
4296,2454,Venray
4297,2454,Venraai
4298,2454,Venraij
4299,2455,Veulen
4300,2456,Vredepeel
4301,2457,Wanssum
4302,2457,Wansum
4303,2458,Ysselsteyn
4304,2458,IJsselstein
4305,2458,Ysselsteyn
4306,2459,Klimmen
4307,2460,Ransdaal
4308,2461,Voerendaal
4309,2462,Stramproy
4310,2462,Stamprooi
4311,2462,Stamproy
4312,2462,Stramproij
4313,2463,Weert
4314,2463,Weerd
4315,2463,Weert
